space,space_from,channels,nbins,dim,norm_sum1,metric,metric_from,direction,mAP@1,mAP@5
Gray,theory,1,8,8,False,L1,theory,distance,0.23333333333333334,0.2694444444444445
Gray,theory,1,8,8,False,L2,theory,distance,0.2,0.24166666666666667
Gray,theory,1,8,8,False,chi2,theory,distance,0.26666666666666666,0.2916666666666667
Gray,theory,1,8,8,False,intersection,theory,similarity,0.1,0.16999999999999998
Gray,theory,1,8,8,False,hellinger,theory,similarity,0.03333333333333333,0.075
Gray,theory,1,8,8,False,chebyshev,extra,distance,0.2,0.22777777777777777
Gray,theory,1,8,8,False,canberra,extra,distance,0.26666666666666666,0.31666666666666665
Gray,theory,1,8,8,False,bhattacharyya,extra,distance,0.03333333333333333,0.075
Gray,theory,1,8,8,False,kl,extra,distance,0.06666666666666667,0.075
Gray,theory,1,8,8,False,js,extra,distance,0.26666666666666666,0.2916666666666667
Gray,theory,1,8,8,False,cosine,extra,similarity,0.26666666666666666,0.3011111111111111
Gray,theory,1,8,8,False,pearson,extra,similarity,0.26666666666666666,0.2833333333333333
Gray,theory,1,8,8,False,emd,extra,distance,0.13333333333333333,0.18166666666666667
Gray,theory,1,8,8,False,ks,extra,distance,0.16666666666666666,0.1861111111111111
Gray,theory,1,8,8,True,L1,theory,distance,0.26666666666666666,0.30277777777777776
Gray,theory,1,8,8,True,L2,theory,distance,0.26666666666666666,0.3011111111111111
Gray,theory,1,8,8,True,chi2,theory,distance,0.3333333333333333,0.34833333333333333
Gray,theory,1,8,8,True,intersection,theory,similarity,0.26666666666666666,0.30277777777777776
Gray,theory,1,8,8,True,hellinger,theory,similarity,0.3333333333333333,0.3533333333333334
Gray,theory,1,8,8,True,chebyshev,extra,distance,0.2,0.2472222222222222
Gray,theory,1,8,8,True,canberra,extra,distance,0.23333333333333334,0.32333333333333336
Gray,theory,1,8,8,True,bhattacharyya,extra,distance,0.3333333333333333,0.3533333333333334
Gray,theory,1,8,8,True,kl,extra,distance,0.3333333333333333,0.3677777777777778
Gray,theory,1,8,8,True,js,extra,distance,0.3333333333333333,0.35500000000000004
Gray,theory,1,8,8,True,cosine,extra,similarity,0.26666666666666666,0.3011111111111111
Gray,theory,1,8,8,True,pearson,extra,similarity,0.26666666666666666,0.2833333333333333
Gray,theory,1,8,8,True,emd,extra,distance,0.23333333333333334,0.26944444444444443
Gray,theory,1,8,8,True,ks,extra,distance,0.2,0.22444444444444445
Gray,theory,1,16,16,False,L1,theory,distance,0.23333333333333334,0.2761111111111111
Gray,theory,1,16,16,False,L2,theory,distance,0.2,0.23333333333333334
Gray,theory,1,16,16,False,chi2,theory,distance,0.23333333333333334,0.25833333333333336
Gray,theory,1,16,16,False,intersection,theory,similarity,0.16666666666666666,0.23444444444444443
Gray,theory,1,16,16,False,hellinger,theory,similarity,0.1,0.11111111111111112
Gray,theory,1,16,16,False,chebyshev,extra,distance,0.2,0.21666666666666667
Gray,theory,1,16,16,False,canberra,extra,distance,0.36666666666666664,0.4277777777777778
Gray,theory,1,16,16,False,bhattacharyya,extra,distance,0.1,0.11111111111111112
Gray,theory,1,16,16,False,kl,extra,distance,0.06666666666666667,0.09166666666666666
Gray,theory,1,16,16,False,js,extra,distance,0.23333333333333334,0.25833333333333336
Gray,theory,1,16,16,False,cosine,extra,similarity,0.23333333333333334,0.29
Gray,theory,1,16,16,False,pearson,extra,similarity,0.23333333333333334,0.2833333333333333
Gray,theory,1,16,16,False,emd,extra,distance,0.13333333333333333,0.18333333333333332
Gray,theory,1,16,16,False,ks,extra,distance,0.16666666666666666,0.17777777777777776
Gray,theory,1,16,16,True,L1,theory,distance,0.23333333333333334,0.29
Gray,theory,1,16,16,True,L2,theory,distance,0.23333333333333334,0.29
Gray,theory,1,16,16,True,chi2,theory,distance,0.26666666666666666,0.3
Gray,theory,1,16,16,True,intersection,theory,similarity,0.23333333333333334,0.29
Gray,theory,1,16,16,True,hellinger,theory,similarity,0.26666666666666666,0.3
Gray,theory,1,16,16,True,chebyshev,extra,distance,0.13333333333333333,0.21666666666666667
Gray,theory,1,16,16,True,canberra,extra,distance,0.3,0.39166666666666666
Gray,theory,1,16,16,True,bhattacharyya,extra,distance,0.26666666666666666,0.3
Gray,theory,1,16,16,True,kl,extra,distance,0.23333333333333334,0.2888888888888889
Gray,theory,1,16,16,True,js,extra,distance,0.26666666666666666,0.3
Gray,theory,1,16,16,True,cosine,extra,similarity,0.23333333333333334,0.29
Gray,theory,1,16,16,True,pearson,extra,similarity,0.23333333333333334,0.2833333333333333
Gray,theory,1,16,16,True,emd,extra,distance,0.23333333333333334,0.27777777777777773
Gray,theory,1,16,16,True,ks,extra,distance,0.23333333333333334,0.24166666666666667
Gray,theory,1,32,32,False,L1,theory,distance,0.23333333333333334,0.25666666666666665
Gray,theory,1,32,32,False,L2,theory,distance,0.2,0.2222222222222222
Gray,theory,1,32,32,False,chi2,theory,distance,0.2,0.2427777777777778
Gray,theory,1,32,32,False,intersection,theory,similarity,0.13333333333333333,0.1827777777777778
Gray,theory,1,32,32,False,hellinger,theory,similarity,0.1,0.11111111111111112
Gray,theory,1,32,32,False,chebyshev,extra,distance,0.16666666666666666,0.19
Gray,theory,1,32,32,False,canberra,extra,distance,0.3,0.3833333333333334
Gray,theory,1,32,32,False,bhattacharyya,extra,distance,0.1,0.11111111111111112
Gray,theory,1,32,32,False,kl,extra,distance,0.06666666666666667,0.10944444444444444
Gray,theory,1,32,32,False,js,extra,distance,0.2,0.2361111111111111
Gray,theory,1,32,32,False,cosine,extra,similarity,0.2,0.26333333333333336
Gray,theory,1,32,32,False,pearson,extra,similarity,0.2,0.25666666666666665
Gray,theory,1,32,32,False,emd,extra,distance,0.13333333333333333,0.18055555555555552
Gray,theory,1,32,32,False,ks,extra,distance,0.16666666666666666,0.17777777777777776
Gray,theory,1,32,32,True,L1,theory,distance,0.26666666666666666,0.2944444444444444
Gray,theory,1,32,32,True,L2,theory,distance,0.2,0.2677777777777778
Gray,theory,1,32,32,True,chi2,theory,distance,0.26666666666666666,0.2983333333333333
Gray,theory,1,32,32,True,intersection,theory,similarity,0.26666666666666666,0.2944444444444444
Gray,theory,1,32,32,True,hellinger,theory,similarity,0.23333333333333334,0.2816666666666666
Gray,theory,1,32,32,True,chebyshev,extra,distance,0.23333333333333334,0.27166666666666667
Gray,theory,1,32,32,True,canberra,extra,distance,0.3,0.3861111111111111
Gray,theory,1,32,32,True,bhattacharyya,extra,distance,0.23333333333333334,0.2816666666666666
Gray,theory,1,32,32,True,kl,extra,distance,0.23333333333333334,0.2827777777777778
Gray,theory,1,32,32,True,js,extra,distance,0.26666666666666666,0.2983333333333333
Gray,theory,1,32,32,True,cosine,extra,similarity,0.2,0.26333333333333336
Gray,theory,1,32,32,True,pearson,extra,similarity,0.2,0.25666666666666665
Gray,theory,1,32,32,True,emd,extra,distance,0.2,0.25666666666666665
Gray,theory,1,32,32,True,ks,extra,distance,0.23333333333333334,0.24000000000000002
Gray,theory,1,64,64,False,L1,theory,distance,0.23333333333333334,0.25666666666666665
Gray,theory,1,64,64,False,L2,theory,distance,0.2,0.215
Gray,theory,1,64,64,False,chi2,theory,distance,0.2,0.2427777777777778
Gray,theory,1,64,64,False,intersection,theory,similarity,0.16666666666666666,0.20555555555555555
Gray,theory,1,64,64,False,hellinger,theory,similarity,0.1,0.11111111111111112
Gray,theory,1,64,64,False,chebyshev,extra,distance,0.13333333333333333,0.1527777777777778
Gray,theory,1,64,64,False,canberra,extra,distance,0.26666666666666666,0.3583333333333334
Gray,theory,1,64,64,False,bhattacharyya,extra,distance,0.1,0.11111111111111112
Gray,theory,1,64,64,False,kl,extra,distance,0.06666666666666667,0.115
Gray,theory,1,64,64,False,js,extra,distance,0.2,0.23166666666666666
Gray,theory,1,64,64,False,cosine,extra,similarity,0.2,0.2594444444444444
Gray,theory,1,64,64,False,pearson,extra,similarity,0.23333333333333334,0.2677777777777778
Gray,theory,1,64,64,False,emd,extra,distance,0.13333333333333333,0.18055555555555552
Gray,theory,1,64,64,False,ks,extra,distance,0.16666666666666666,0.17777777777777776
Gray,theory,1,64,64,True,L1,theory,distance,0.26666666666666666,0.2916666666666667
Gray,theory,1,64,64,True,L2,theory,distance,0.2,0.25555555555555554
Gray,theory,1,64,64,True,chi2,theory,distance,0.26666666666666666,0.2916666666666667
Gray,theory,1,64,64,True,intersection,theory,similarity,0.26666666666666666,0.2916666666666667
Gray,theory,1,64,64,True,hellinger,theory,similarity,0.26666666666666666,0.2916666666666667
Gray,theory,1,64,64,True,chebyshev,extra,distance,0.16666666666666666,0.19444444444444445
Gray,theory,1,64,64,True,canberra,extra,distance,0.26666666666666666,0.35944444444444446
Gray,theory,1,64,64,True,bhattacharyya,extra,distance,0.26666666666666666,0.2916666666666667
Gray,theory,1,64,64,True,kl,extra,distance,0.23333333333333334,0.2733333333333333
Gray,theory,1,64,64,True,js,extra,distance,0.26666666666666666,0.2916666666666667
Gray,theory,1,64,64,True,cosine,extra,similarity,0.2,0.2594444444444444
Gray,theory,1,64,64,True,pearson,extra,similarity,0.23333333333333334,0.2677777777777778
Gray,theory,1,64,64,True,emd,extra,distance,0.2,0.25
Gray,theory,1,64,64,True,ks,extra,distance,0.23333333333333334,0.24444444444444446
Gray,theory,1,128,128,False,L1,theory,distance,0.26666666666666666,0.2733333333333333
Gray,theory,1,128,128,False,L2,theory,distance,0.2,0.215
Gray,theory,1,128,128,False,chi2,theory,distance,0.2,0.2427777777777778
Gray,theory,1,128,128,False,intersection,theory,similarity,0.13333333333333333,0.19999999999999998
Gray,theory,1,128,128,False,hellinger,theory,similarity,0.1,0.11111111111111112
Gray,theory,1,128,128,False,chebyshev,extra,distance,0.16666666666666666,0.17333333333333334
Gray,theory,1,128,128,False,canberra,extra,distance,0.26666666666666666,0.36777777777777776
Gray,theory,1,128,128,False,bhattacharyya,extra,distance,0.1,0.11111111111111112
Gray,theory,1,128,128,False,kl,extra,distance,0.06666666666666667,0.10555555555555556
Gray,theory,1,128,128,False,js,extra,distance,0.2,0.24000000000000002
Gray,theory,1,128,128,False,cosine,extra,similarity,0.2,0.24999999999999997
Gray,theory,1,128,128,False,pearson,extra,similarity,0.2,0.2511111111111111
Gray,theory,1,128,128,False,emd,extra,distance,0.13333333333333333,0.18055555555555552
Gray,theory,1,128,128,False,ks,extra,distance,0.16666666666666666,0.17777777777777776
Gray,theory,1,128,128,True,L1,theory,distance,0.23333333333333334,0.275
Gray,theory,1,128,128,True,L2,theory,distance,0.2,0.24999999999999997
Gray,theory,1,128,128,True,chi2,theory,distance,0.26666666666666666,0.2916666666666667
Gray,theory,1,128,128,True,intersection,theory,similarity,0.23333333333333334,0.275
Gray,theory,1,128,128,True,hellinger,theory,similarity,0.23333333333333334,0.275
Gray,theory,1,128,128,True,chebyshev,extra,distance,0.13333333333333333,0.18333333333333332
Gray,theory,1,128,128,True,canberra,extra,distance,0.26666666666666666,0.3577777777777778
Gray,theory,1,128,128,True,bhattacharyya,extra,distance,0.23333333333333334,0.275
Gray,theory,1,128,128,True,kl,extra,distance,0.23333333333333334,0.27166666666666667
Gray,theory,1,128,128,True,js,extra,distance,0.26666666666666666,0.2916666666666667
Gray,theory,1,128,128,True,cosine,extra,similarity,0.2,0.24999999999999997
Gray,theory,1,128,128,True,pearson,extra,similarity,0.2,0.2511111111111111
Gray,theory,1,128,128,True,emd,extra,distance,0.2,0.25
Gray,theory,1,128,128,True,ks,extra,distance,0.23333333333333334,0.24444444444444446
Gray,theory,1,256,256,False,L1,theory,distance,0.26666666666666666,0.2733333333333333
Gray,theory,1,256,256,False,L2,theory,distance,0.2,0.215
Gray,theory,1,256,256,False,chi2,theory,distance,0.2,0.24000000000000002
Gray,theory,1,256,256,False,intersection,theory,similarity,0.13333333333333333,0.19999999999999998
Gray,theory,1,256,256,False,hellinger,theory,similarity,0.1,0.11111111111111112
Gray,theory,1,256,256,False,chebyshev,extra,distance,0.16666666666666666,0.17333333333333334
Gray,theory,1,256,256,False,canberra,extra,distance,0.3,0.3761111111111111
Gray,theory,1,256,256,False,bhattacharyya,extra,distance,0.1,0.11111111111111112
Gray,theory,1,256,256,False,kl,extra,distance,0.06666666666666667,0.11388888888888889
Gray,theory,1,256,256,False,js,extra,distance,0.2,0.24000000000000002
Gray,theory,1,256,256,False,cosine,extra,similarity,0.2,0.24999999999999997
Gray,theory,1,256,256,False,pearson,extra,similarity,0.2,0.2511111111111111
Gray,theory,1,256,256,False,emd,extra,distance,0.13333333333333333,0.17888888888888888
Gray,theory,1,256,256,False,ks,extra,distance,0.16666666666666666,0.17777777777777776
Gray,theory,1,256,256,True,L1,theory,distance,0.26666666666666666,0.2916666666666667
Gray,theory,1,256,256,True,L2,theory,distance,0.2,0.24999999999999997
Gray,theory,1,256,256,True,chi2,theory,distance,0.26666666666666666,0.2916666666666667
Gray,theory,1,256,256,True,intersection,theory,similarity,0.26666666666666666,0.2916666666666667
Gray,theory,1,256,256,True,hellinger,theory,similarity,0.23333333333333334,0.2816666666666666
Gray,theory,1,256,256,True,chebyshev,extra,distance,0.16666666666666666,0.175
Gray,theory,1,256,256,True,canberra,extra,distance,0.26666666666666666,0.3533333333333334
Gray,theory,1,256,256,True,bhattacharyya,extra,distance,0.23333333333333334,0.2816666666666666
Gray,theory,1,256,256,True,kl,extra,distance,0.23333333333333334,0.27166666666666667
Gray,theory,1,256,256,True,js,extra,distance,0.26666666666666666,0.2983333333333333
Gray,theory,1,256,256,True,cosine,extra,similarity,0.2,0.24999999999999997
Gray,theory,1,256,256,True,pearson,extra,similarity,0.2,0.2511111111111111
Gray,theory,1,256,256,True,emd,extra,distance,0.2,0.25
Gray,theory,1,256,256,True,ks,extra,distance,0.23333333333333334,0.25
RGB,theory,3,8,24,False,L1,theory,distance,0.26666666666666666,0.32222222222222224
RGB,theory,3,8,24,False,L2,theory,distance,0.26666666666666666,0.31222222222222223
RGB,theory,3,8,24,False,chi2,theory,distance,0.23333333333333334,0.2972222222222223
RGB,theory,3,8,24,False,intersection,theory,similarity,0.13333333333333333,0.1983333333333333
RGB,theory,3,8,24,False,hellinger,theory,similarity,0.1,0.11111111111111112
RGB,theory,3,8,24,False,chebyshev,extra,distance,0.23333333333333334,0.2611111111111111
RGB,theory,3,8,24,False,canberra,extra,distance,0.36666666666666664,0.4133333333333333
RGB,theory,3,8,24,False,bhattacharyya,extra,distance,0.1,0.11111111111111112
RGB,theory,3,8,24,False,kl,extra,distance,0.1,0.11111111111111112
RGB,theory,3,8,24,False,js,extra,distance,0.23333333333333334,0.2972222222222223
RGB,theory,3,8,24,False,cosine,extra,similarity,0.36666666666666664,0.4138888888888889
RGB,theory,3,8,24,False,pearson,extra,similarity,0.3333333333333333,0.38722222222222225
RGB,theory,3,8,24,False,emd,extra,distance,0.16666666666666666,0.20944444444444443
RGB,theory,3,8,24,False,ks,extra,distance,0.16666666666666666,0.21111111111111114
RGB,theory,3,8,24,True,L1,theory,distance,0.4,0.4361111111111111
RGB,theory,3,8,24,True,L2,theory,distance,0.36666666666666664,0.4138888888888889
RGB,theory,3,8,24,True,chi2,theory,distance,0.4,0.43333333333333335
RGB,theory,3,8,24,True,intersection,theory,similarity,0.4,0.4361111111111111
RGB,theory,3,8,24,True,hellinger,theory,similarity,0.43333333333333335,0.4483333333333333
RGB,theory,3,8,24,True,chebyshev,extra,distance,0.26666666666666666,0.32999999999999996
RGB,theory,3,8,24,True,canberra,extra,distance,0.36666666666666664,0.43888888888888894
RGB,theory,3,8,24,True,bhattacharyya,extra,distance,0.43333333333333335,0.4483333333333333
RGB,theory,3,8,24,True,kl,extra,distance,0.26666666666666666,0.3527777777777778
RGB,theory,3,8,24,True,js,extra,distance,0.43333333333333335,0.4483333333333333
RGB,theory,3,8,24,True,cosine,extra,similarity,0.36666666666666664,0.4138888888888889
RGB,theory,3,8,24,True,pearson,extra,similarity,0.3333333333333333,0.38722222222222225
RGB,theory,3,8,24,True,emd,extra,distance,0.3,0.3472222222222222
RGB,theory,3,8,24,True,ks,extra,distance,0.2,0.2638888888888889
RGB,theory,3,16,48,False,L1,theory,distance,0.26666666666666666,0.3111111111111111
RGB,theory,3,16,48,False,L2,theory,distance,0.23333333333333334,0.2733333333333333
RGB,theory,3,16,48,False,chi2,theory,distance,0.23333333333333334,0.2888888888888889
RGB,theory,3,16,48,False,intersection,theory,similarity,0.13333333333333333,0.19944444444444445
RGB,theory,3,16,48,False,hellinger,theory,similarity,0.1,0.11944444444444445
RGB,theory,3,16,48,False,chebyshev,extra,distance,0.2,0.24000000000000002
RGB,theory,3,16,48,False,canberra,extra,distance,0.4,0.44166666666666665
RGB,theory,3,16,48,False,bhattacharyya,extra,distance,0.1,0.11944444444444445
RGB,theory,3,16,48,False,kl,extra,distance,0.1,0.12222222222222223
RGB,theory,3,16,48,False,js,extra,distance,0.23333333333333334,0.28444444444444444
RGB,theory,3,16,48,False,cosine,extra,similarity,0.3333333333333333,0.35833333333333334
RGB,theory,3,16,48,False,pearson,extra,similarity,0.3333333333333333,0.35833333333333334
RGB,theory,3,16,48,False,emd,extra,distance,0.16666666666666666,0.20944444444444443
RGB,theory,3,16,48,False,ks,extra,distance,0.2,0.22222222222222224
RGB,theory,3,16,48,True,L1,theory,distance,0.3333333333333333,0.38888888888888895
RGB,theory,3,16,48,True,L2,theory,distance,0.3,0.3416666666666667
RGB,theory,3,16,48,True,chi2,theory,distance,0.3,0.35833333333333334
RGB,theory,3,16,48,True,intersection,theory,similarity,0.3333333333333333,0.38888888888888895
RGB,theory,3,16,48,True,hellinger,theory,similarity,0.3,0.35
RGB,theory,3,16,48,True,chebyshev,extra,distance,0.23333333333333334,0.3
RGB,theory,3,16,48,True,canberra,extra,distance,0.4,0.46944444444444444
RGB,theory,3,16,48,True,bhattacharyya,extra,distance,0.3,0.35
RGB,theory,3,16,48,True,kl,extra,distance,0.2,0.29444444444444445
RGB,theory,3,16,48,True,js,extra,distance,0.3,0.35666666666666663
RGB,theory,3,16,48,True,cosine,extra,similarity,0.3333333333333333,0.35833333333333334
RGB,theory,3,16,48,True,pearson,extra,similarity,0.3333333333333333,0.35833333333333334
RGB,theory,3,16,48,True,emd,extra,distance,0.3,0.34444444444444444
RGB,theory,3,16,48,True,ks,extra,distance,0.23333333333333334,0.2872222222222222
RGB,theory,3,32,96,False,L1,theory,distance,0.26666666666666666,0.3027777777777778
RGB,theory,3,32,96,False,L2,theory,distance,0.2,0.25
RGB,theory,3,32,96,False,chi2,theory,distance,0.26666666666666666,0.3055555555555556
RGB,theory,3,32,96,False,intersection,theory,similarity,0.13333333333333333,0.21666666666666665
RGB,theory,3,32,96,False,hellinger,theory,similarity,0.1,0.11944444444444445
RGB,theory,3,32,96,False,chebyshev,extra,distance,0.13333333333333333,0.18444444444444444
RGB,theory,3,32,96,False,canberra,extra,distance,0.43333333333333335,0.4583333333333333
RGB,theory,3,32,96,False,bhattacharyya,extra,distance,0.1,0.11944444444444445
RGB,theory,3,32,96,False,kl,extra,distance,0.1,0.1277777777777778
RGB,theory,3,32,96,False,js,extra,distance,0.23333333333333334,0.28444444444444444
RGB,theory,3,32,96,False,cosine,extra,similarity,0.26666666666666666,0.325
RGB,theory,3,32,96,False,pearson,extra,similarity,0.3,0.3416666666666667
RGB,theory,3,32,96,False,emd,extra,distance,0.16666666666666666,0.20944444444444443
RGB,theory,3,32,96,False,ks,extra,distance,0.2,0.21944444444444444
RGB,theory,3,32,96,True,L1,theory,distance,0.3333333333333333,0.3777777777777778
RGB,theory,3,32,96,True,L2,theory,distance,0.26666666666666666,0.325
RGB,theory,3,32,96,True,chi2,theory,distance,0.3333333333333333,0.3722222222222223
RGB,theory,3,32,96,True,intersection,theory,similarity,0.3333333333333333,0.3777777777777778
RGB,theory,3,32,96,True,hellinger,theory,similarity,0.3,0.34444444444444444
RGB,theory,3,32,96,True,chebyshev,extra,distance,0.13333333333333333,0.19444444444444445
RGB,theory,3,32,96,True,canberra,extra,distance,0.4,0.475
RGB,theory,3,32,96,True,bhattacharyya,extra,distance,0.3,0.34444444444444444
RGB,theory,3,32,96,True,kl,extra,distance,0.16666666666666666,0.26333333333333336
RGB,theory,3,32,96,True,js,extra,distance,0.3333333333333333,0.36777777777777776
RGB,theory,3,32,96,True,cosine,extra,similarity,0.26666666666666666,0.325
RGB,theory,3,32,96,True,pearson,extra,similarity,0.3,0.3416666666666667
RGB,theory,3,32,96,True,emd,extra,distance,0.3,0.3427777777777778
RGB,theory,3,32,96,True,ks,extra,distance,0.23333333333333334,0.28444444444444444
RGB,theory,3,64,192,False,L1,theory,distance,0.26666666666666666,0.3027777777777778
RGB,theory,3,64,192,False,L2,theory,distance,0.16666666666666666,0.23333333333333334
RGB,theory,3,64,192,False,chi2,theory,distance,0.26666666666666666,0.3055555555555556
RGB,theory,3,64,192,False,intersection,theory,similarity,0.13333333333333333,0.22055555555555553
RGB,theory,3,64,192,False,hellinger,theory,similarity,0.1,0.11944444444444445
RGB,theory,3,64,192,False,chebyshev,extra,distance,0.13333333333333333,0.17777777777777776
RGB,theory,3,64,192,False,canberra,extra,distance,0.43333333333333335,0.4583333333333333
RGB,theory,3,64,192,False,bhattacharyya,extra,distance,0.1,0.11944444444444445
RGB,theory,3,64,192,False,kl,extra,distance,0.1,0.125
RGB,theory,3,64,192,False,js,extra,distance,0.23333333333333334,0.28444444444444444
RGB,theory,3,64,192,False,cosine,extra,similarity,0.26666666666666666,0.325
RGB,theory,3,64,192,False,pearson,extra,similarity,0.26666666666666666,0.31666666666666665
RGB,theory,3,64,192,False,emd,extra,distance,0.16666666666666666,0.20944444444444443
RGB,theory,3,64,192,False,ks,extra,distance,0.2,0.21944444444444444
RGB,theory,3,64,192,True,L1,theory,distance,0.3333333333333333,0.3722222222222223
RGB,theory,3,64,192,True,L2,theory,distance,0.23333333333333334,0.30666666666666664
RGB,theory,3,64,192,True,chi2,theory,distance,0.3333333333333333,0.3722222222222223
RGB,theory,3,64,192,True,intersection,theory,similarity,0.3333333333333333,0.3722222222222223
RGB,theory,3,64,192,True,hellinger,theory,similarity,0.3,0.34444444444444444
RGB,theory,3,64,192,True,chebyshev,extra,distance,0.1,0.13888888888888887
RGB,theory,3,64,192,True,canberra,extra,distance,0.4,0.4677777777777778
RGB,theory,3,64,192,True,bhattacharyya,extra,distance,0.3,0.34444444444444444
RGB,theory,3,64,192,True,kl,extra,distance,0.16666666666666666,0.24444444444444444
RGB,theory,3,64,192,True,js,extra,distance,0.3333333333333333,0.36777777777777776
RGB,theory,3,64,192,True,cosine,extra,similarity,0.26666666666666666,0.325
RGB,theory,3,64,192,True,pearson,extra,similarity,0.26666666666666666,0.31666666666666665
RGB,theory,3,64,192,True,emd,extra,distance,0.3,0.34444444444444444
RGB,theory,3,64,192,True,ks,extra,distance,0.2,0.265
RGB,theory,3,128,384,False,L1,theory,distance,0.26666666666666666,0.3027777777777778
RGB,theory,3,128,384,False,L2,theory,distance,0.16666666666666666,0.23333333333333334
RGB,theory,3,128,384,False,chi2,theory,distance,0.26666666666666666,0.3027777777777778
RGB,theory,3,128,384,False,intersection,theory,similarity,0.16666666666666666,0.2372222222222222
RGB,theory,3,128,384,False,hellinger,theory,similarity,0.1,0.11944444444444445
RGB,theory,3,128,384,False,chebyshev,extra,distance,0.13333333333333333,0.17333333333333334
RGB,theory,3,128,384,False,canberra,extra,distance,0.43333333333333335,0.45666666666666667
RGB,theory,3,128,384,False,bhattacharyya,extra,distance,0.1,0.11944444444444445
RGB,theory,3,128,384,False,kl,extra,distance,0.1,0.125
RGB,theory,3,128,384,False,js,extra,distance,0.23333333333333334,0.28444444444444444
RGB,theory,3,128,384,False,cosine,extra,similarity,0.26666666666666666,0.325
RGB,theory,3,128,384,False,pearson,extra,similarity,0.26666666666666666,0.31666666666666665
RGB,theory,3,128,384,False,emd,extra,distance,0.16666666666666666,0.20944444444444443
RGB,theory,3,128,384,False,ks,extra,distance,0.2,0.21944444444444444
RGB,theory,3,128,384,True,L1,theory,distance,0.3333333333333333,0.3722222222222223
RGB,theory,3,128,384,True,L2,theory,distance,0.23333333333333334,0.30666666666666664
RGB,theory,3,128,384,True,chi2,theory,distance,0.3333333333333333,0.3722222222222223
RGB,theory,3,128,384,True,intersection,theory,similarity,0.3333333333333333,0.3722222222222223
RGB,theory,3,128,384,True,hellinger,theory,similarity,0.3,0.34444444444444444
RGB,theory,3,128,384,True,chebyshev,extra,distance,0.1,0.1511111111111111
RGB,theory,3,128,384,True,canberra,extra,distance,0.4,0.46499999999999997
RGB,theory,3,128,384,True,bhattacharyya,extra,distance,0.3,0.34444444444444444
RGB,theory,3,128,384,True,kl,extra,distance,0.16666666666666666,0.24444444444444444
RGB,theory,3,128,384,True,js,extra,distance,0.3,0.3511111111111111
RGB,theory,3,128,384,True,cosine,extra,similarity,0.26666666666666666,0.325
RGB,theory,3,128,384,True,pearson,extra,similarity,0.26666666666666666,0.31666666666666665
RGB,theory,3,128,384,True,emd,extra,distance,0.3,0.34444444444444444
RGB,theory,3,128,384,True,ks,extra,distance,0.2,0.265
RGB,theory,3,256,768,False,L1,theory,distance,0.26666666666666666,0.3027777777777778
RGB,theory,3,256,768,False,L2,theory,distance,0.16666666666666666,0.23333333333333334
RGB,theory,3,256,768,False,chi2,theory,distance,0.26666666666666666,0.3027777777777778
RGB,theory,3,256,768,False,intersection,theory,similarity,0.16666666666666666,0.24000000000000002
RGB,theory,3,256,768,False,hellinger,theory,similarity,0.1,0.11944444444444445
RGB,theory,3,256,768,False,chebyshev,extra,distance,0.16666666666666666,0.17777777777777776
RGB,theory,3,256,768,False,canberra,extra,distance,0.43333333333333335,0.45
RGB,theory,3,256,768,False,bhattacharyya,extra,distance,0.1,0.11944444444444445
RGB,theory,3,256,768,False,kl,extra,distance,0.1,0.125
RGB,theory,3,256,768,False,js,extra,distance,0.23333333333333334,0.28444444444444444
RGB,theory,3,256,768,False,cosine,extra,similarity,0.26666666666666666,0.325
RGB,theory,3,256,768,False,pearson,extra,similarity,0.26666666666666666,0.31666666666666665
RGB,theory,3,256,768,False,emd,extra,distance,0.16666666666666666,0.20944444444444443
RGB,theory,3,256,768,False,ks,extra,distance,0.2,0.21944444444444444
RGB,theory,3,256,768,True,L1,theory,distance,0.3333333333333333,0.3722222222222223
RGB,theory,3,256,768,True,L2,theory,distance,0.23333333333333334,0.30666666666666664
RGB,theory,3,256,768,True,chi2,theory,distance,0.3333333333333333,0.3722222222222223
RGB,theory,3,256,768,True,intersection,theory,similarity,0.3333333333333333,0.3722222222222223
RGB,theory,3,256,768,True,hellinger,theory,similarity,0.3,0.34444444444444444
RGB,theory,3,256,768,True,chebyshev,extra,distance,0.1,0.1722222222222222
RGB,theory,3,256,768,True,canberra,extra,distance,0.36666666666666664,0.43333333333333335
RGB,theory,3,256,768,True,bhattacharyya,extra,distance,0.3,0.34444444444444444
RGB,theory,3,256,768,True,kl,extra,distance,0.16666666666666666,0.22888888888888886
RGB,theory,3,256,768,True,js,extra,distance,0.3333333333333333,0.36777777777777776
RGB,theory,3,256,768,True,cosine,extra,similarity,0.26666666666666666,0.325
RGB,theory,3,256,768,True,pearson,extra,similarity,0.26666666666666666,0.31666666666666665
RGB,theory,3,256,768,True,emd,extra,distance,0.3,0.34444444444444444
RGB,theory,3,256,768,True,ks,extra,distance,0.2,0.265
HSV,theory,3,8,24,False,L1,theory,distance,0.23333333333333334,0.3272222222222222
HSV,theory,3,8,24,False,L2,theory,distance,0.23333333333333334,0.2594444444444444
HSV,theory,3,8,24,False,chi2,theory,distance,0.23333333333333334,0.3472222222222222
HSV,theory,3,8,24,False,intersection,theory,similarity,0.3,0.4011111111111111
HSV,theory,3,8,24,False,hellinger,theory,similarity,0.13333333333333333,0.15666666666666668
HSV,theory,3,8,24,False,chebyshev,extra,distance,0.23333333333333334,0.25
HSV,theory,3,8,24,False,canberra,extra,distance,0.4666666666666667,0.5555555555555556
HSV,theory,3,8,24,False,bhattacharyya,extra,distance,0.13333333333333333,0.15666666666666668
HSV,theory,3,8,24,False,kl,extra,distance,0.2,0.25
HSV,theory,3,8,24,False,js,extra,distance,0.23333333333333334,0.35944444444444446
HSV,theory,3,8,24,False,cosine,extra,similarity,0.3,0.39555555555555555
HSV,theory,3,8,24,False,pearson,extra,similarity,0.3,0.37277777777777776
HSV,theory,3,8,24,False,emd,extra,distance,0.26666666666666666,0.2916666666666667
HSV,theory,3,8,24,False,ks,extra,distance,0.2,0.2427777777777778
HSV,theory,3,8,24,True,L1,theory,distance,0.4666666666666667,0.5611111111111112
HSV,theory,3,8,24,True,L2,theory,distance,0.3,0.3938888888888889
HSV,theory,3,8,24,True,chi2,theory,distance,0.36666666666666664,0.5027777777777778
HSV,theory,3,8,24,True,intersection,theory,similarity,0.4666666666666667,0.5611111111111112
HSV,theory,3,8,24,True,hellinger,theory,similarity,0.4,0.5305555555555556
HSV,theory,3,8,24,True,chebyshev,extra,distance,0.26666666666666666,0.31388888888888894
HSV,theory,3,8,24,True,canberra,extra,distance,0.5666666666666667,0.6555555555555554
HSV,theory,3,8,24,True,bhattacharyya,extra,distance,0.4,0.5305555555555556
HSV,theory,3,8,24,True,kl,extra,distance,0.4666666666666667,0.5872222222222222
HSV,theory,3,8,24,True,js,extra,distance,0.4,0.525
HSV,theory,3,8,24,True,cosine,extra,similarity,0.3,0.39555555555555555
HSV,theory,3,8,24,True,pearson,extra,similarity,0.3,0.37277777777777776
HSV,theory,3,8,24,True,emd,extra,distance,0.43333333333333335,0.52
HSV,theory,3,8,24,True,ks,extra,distance,0.2,0.2688888888888889
HSV,theory,3,16,48,False,L1,theory,distance,0.3,0.37555555555555553
HSV,theory,3,16,48,False,L2,theory,distance,0.23333333333333334,0.2677777777777778
HSV,theory,3,16,48,False,chi2,theory,distance,0.3333333333333333,0.4311111111111111
HSV,theory,3,16,48,False,intersection,theory,similarity,0.36666666666666664,0.4222222222222223
HSV,theory,3,16,48,False,hellinger,theory,similarity,0.16666666666666666,0.20277777777777778
HSV,theory,3,16,48,False,chebyshev,extra,distance,0.2,0.25833333333333336
HSV,theory,3,16,48,False,canberra,extra,distance,0.5333333333333333,0.5883333333333333
HSV,theory,3,16,48,False,bhattacharyya,extra,distance,0.16666666666666666,0.20277777777777778
HSV,theory,3,16,48,False,kl,extra,distance,0.2,0.2766666666666666
HSV,theory,3,16,48,False,js,extra,distance,0.36666666666666664,0.4455555555555556
HSV,theory,3,16,48,False,cosine,extra,similarity,0.3,0.3522222222222222
HSV,theory,3,16,48,False,pearson,extra,similarity,0.3,0.3533333333333334
HSV,theory,3,16,48,False,emd,extra,distance,0.23333333333333334,0.275
HSV,theory,3,16,48,False,ks,extra,distance,0.2,0.22222222222222224
HSV,theory,3,16,48,True,L1,theory,distance,0.5,0.5855555555555555
HSV,theory,3,16,48,True,L2,theory,distance,0.3,0.3538888888888889
HSV,theory,3,16,48,True,chi2,theory,distance,0.5333333333333333,0.601111111111111
HSV,theory,3,16,48,True,intersection,theory,similarity,0.5,0.5855555555555555
HSV,theory,3,16,48,True,hellinger,theory,similarity,0.5333333333333333,0.5966666666666666
HSV,theory,3,16,48,True,chebyshev,extra,distance,0.2,0.27055555555555555
HSV,theory,3,16,48,True,canberra,extra,distance,0.6666666666666666,0.675
HSV,theory,3,16,48,True,bhattacharyya,extra,distance,0.5333333333333333,0.5966666666666666
HSV,theory,3,16,48,True,kl,extra,distance,0.5666666666666667,0.6188888888888889
HSV,theory,3,16,48,True,js,extra,distance,0.5333333333333333,0.6022222222222222
HSV,theory,3,16,48,True,cosine,extra,similarity,0.3,0.3522222222222222
HSV,theory,3,16,48,True,pearson,extra,similarity,0.3,0.3533333333333334
HSV,theory,3,16,48,True,emd,extra,distance,0.43333333333333335,0.5211111111111112
HSV,theory,3,16,48,True,ks,extra,distance,0.16666666666666666,0.21944444444444447
HSV,theory,3,32,96,False,L1,theory,distance,0.3333333333333333,0.36777777777777776
HSV,theory,3,32,96,False,L2,theory,distance,0.23333333333333334,0.29444444444444445
HSV,theory,3,32,96,False,chi2,theory,distance,0.3333333333333333,0.4038888888888889
HSV,theory,3,32,96,False,intersection,theory,similarity,0.4,0.4861111111111111
HSV,theory,3,32,96,False,hellinger,theory,similarity,0.16666666666666666,0.20277777777777778
HSV,theory,3,32,96,False,chebyshev,extra,distance,0.2,0.2361111111111111
HSV,theory,3,32,96,False,canberra,extra,distance,0.5,0.5788888888888889
HSV,theory,3,32,96,False,bhattacharyya,extra,distance,0.16666666666666666,0.20277777777777778
HSV,theory,3,32,96,False,kl,extra,distance,0.26666666666666666,0.33444444444444443
HSV,theory,3,32,96,False,js,extra,distance,0.3333333333333333,0.4077777777777778
HSV,theory,3,32,96,False,cosine,extra,similarity,0.3333333333333333,0.39444444444444443
HSV,theory,3,32,96,False,pearson,extra,similarity,0.3333333333333333,0.39944444444444444
HSV,theory,3,32,96,False,emd,extra,distance,0.23333333333333334,0.275
HSV,theory,3,32,96,False,ks,extra,distance,0.2,0.23611111111111113
HSV,theory,3,32,96,True,L1,theory,distance,0.4666666666666667,0.5233333333333333
HSV,theory,3,32,96,True,L2,theory,distance,0.3,0.38333333333333336
HSV,theory,3,32,96,True,chi2,theory,distance,0.43333333333333335,0.5022222222222222
HSV,theory,3,32,96,True,intersection,theory,similarity,0.4666666666666667,0.5233333333333333
HSV,theory,3,32,96,True,hellinger,theory,similarity,0.43333333333333335,0.5005555555555556
HSV,theory,3,32,96,True,chebyshev,extra,distance,0.3333333333333333,0.35555555555555557
HSV,theory,3,32,96,True,canberra,extra,distance,0.5666666666666667,0.6188888888888889
HSV,theory,3,32,96,True,bhattacharyya,extra,distance,0.43333333333333335,0.5005555555555556
HSV,theory,3,32,96,True,kl,extra,distance,0.43333333333333335,0.5372222222222223
HSV,theory,3,32,96,True,js,extra,distance,0.43333333333333335,0.5005555555555556
HSV,theory,3,32,96,True,cosine,extra,similarity,0.3333333333333333,0.39444444444444443
HSV,theory,3,32,96,True,pearson,extra,similarity,0.3333333333333333,0.39944444444444444
HSV,theory,3,32,96,True,emd,extra,distance,0.43333333333333335,0.5211111111111112
HSV,theory,3,32,96,True,ks,extra,distance,0.2,0.2277777777777778
HSV,theory,3,64,192,False,L1,theory,distance,0.3333333333333333,0.35666666666666663
HSV,theory,3,64,192,False,L2,theory,distance,0.2,0.2722222222222222
HSV,theory,3,64,192,False,chi2,theory,distance,0.3333333333333333,0.38999999999999996
HSV,theory,3,64,192,False,intersection,theory,similarity,0.36666666666666664,0.44277777777777777
HSV,theory,3,64,192,False,hellinger,theory,similarity,0.16666666666666666,0.21666666666666667
HSV,theory,3,64,192,False,chebyshev,extra,distance,0.13333333333333333,0.1722222222222222
HSV,theory,3,64,192,False,canberra,extra,distance,0.4666666666666667,0.5577777777777778
HSV,theory,3,64,192,False,bhattacharyya,extra,distance,0.16666666666666666,0.21666666666666667
HSV,theory,3,64,192,False,kl,extra,distance,0.3333333333333333,0.3911111111111111
HSV,theory,3,64,192,False,js,extra,distance,0.3333333333333333,0.3938888888888889
HSV,theory,3,64,192,False,cosine,extra,similarity,0.3,0.3744444444444444
HSV,theory,3,64,192,False,pearson,extra,similarity,0.3333333333333333,0.40222222222222226
HSV,theory,3,64,192,False,emd,extra,distance,0.23333333333333334,0.275
HSV,theory,3,64,192,False,ks,extra,distance,0.2,0.23333333333333334
HSV,theory,3,64,192,True,L1,theory,distance,0.4,0.5033333333333334
HSV,theory,3,64,192,True,L2,theory,distance,0.26666666666666666,0.3638888888888889
HSV,theory,3,64,192,True,chi2,theory,distance,0.43333333333333335,0.4955555555555556
HSV,theory,3,64,192,True,intersection,theory,similarity,0.4,0.5033333333333334
HSV,theory,3,64,192,True,hellinger,theory,similarity,0.4,0.47722222222222227
HSV,theory,3,64,192,True,chebyshev,extra,distance,0.1,0.18999999999999997
HSV,theory,3,64,192,True,canberra,extra,distance,0.5666666666666667,0.615
HSV,theory,3,64,192,True,bhattacharyya,extra,distance,0.4,0.47722222222222227
HSV,theory,3,64,192,True,kl,extra,distance,0.36666666666666664,0.48444444444444446
HSV,theory,3,64,192,True,js,extra,distance,0.43333333333333335,0.49388888888888893
HSV,theory,3,64,192,True,cosine,extra,similarity,0.3,0.3744444444444444
HSV,theory,3,64,192,True,pearson,extra,similarity,0.3333333333333333,0.40222222222222226
HSV,theory,3,64,192,True,emd,extra,distance,0.43333333333333335,0.5227777777777779
HSV,theory,3,64,192,True,ks,extra,distance,0.2,0.2277777777777778
HSV,theory,3,128,384,False,L1,theory,distance,0.3333333333333333,0.365
HSV,theory,3,128,384,False,L2,theory,distance,0.16666666666666666,0.24444444444444444
HSV,theory,3,128,384,False,chi2,theory,distance,0.3333333333333333,0.375
HSV,theory,3,128,384,False,intersection,theory,similarity,0.36666666666666664,0.43888888888888894
HSV,theory,3,128,384,False,hellinger,theory,similarity,0.16666666666666666,0.21666666666666667
HSV,theory,3,128,384,False,chebyshev,extra,distance,0.1,0.13277777777777777
HSV,theory,3,128,384,False,canberra,extra,distance,0.4666666666666667,0.5416666666666666
HSV,theory,3,128,384,False,bhattacharyya,extra,distance,0.16666666666666666,0.21666666666666667
HSV,theory,3,128,384,False,kl,extra,distance,0.36666666666666664,0.41611111111111115
HSV,theory,3,128,384,False,js,extra,distance,0.3333333333333333,0.38888888888888895
HSV,theory,3,128,384,False,cosine,extra,similarity,0.23333333333333334,0.3233333333333333
HSV,theory,3,128,384,False,pearson,extra,similarity,0.23333333333333334,0.3205555555555556
HSV,theory,3,128,384,False,emd,extra,distance,0.23333333333333334,0.275
HSV,theory,3,128,384,False,ks,extra,distance,0.16666666666666666,0.2111111111111111
HSV,theory,3,128,384,True,L1,theory,distance,0.43333333333333335,0.505
HSV,theory,3,128,384,True,L2,theory,distance,0.2,0.30833333333333335
HSV,theory,3,128,384,True,chi2,theory,distance,0.4,0.4744444444444444
HSV,theory,3,128,384,True,intersection,theory,similarity,0.43333333333333335,0.505
HSV,theory,3,128,384,True,hellinger,theory,similarity,0.4,0.4677777777777778
HSV,theory,3,128,384,True,chebyshev,extra,distance,0.1,0.17055555555555554
HSV,theory,3,128,384,True,canberra,extra,distance,0.5333333333333333,0.6188888888888887
HSV,theory,3,128,384,True,bhattacharyya,extra,distance,0.4,0.4677777777777778
HSV,theory,3,128,384,True,kl,extra,distance,0.4,0.5027777777777778
HSV,theory,3,128,384,True,js,extra,distance,0.4,0.4677777777777778
HSV,theory,3,128,384,True,cosine,extra,similarity,0.23333333333333334,0.3233333333333333
HSV,theory,3,128,384,True,pearson,extra,similarity,0.23333333333333334,0.3205555555555556
HSV,theory,3,128,384,True,emd,extra,distance,0.43333333333333335,0.5227777777777779
HSV,theory,3,128,384,True,ks,extra,distance,0.2,0.2277777777777778
HSV,theory,3,256,768,False,L1,theory,distance,0.3333333333333333,0.365
HSV,theory,3,256,768,False,L2,theory,distance,0.13333333333333333,0.2011111111111111
HSV,theory,3,256,768,False,chi2,theory,distance,0.3333333333333333,0.375
HSV,theory,3,256,768,False,intersection,theory,similarity,0.4,0.45111111111111113
HSV,theory,3,256,768,False,hellinger,theory,similarity,0.16666666666666666,0.21666666666666667
HSV,theory,3,256,768,False,chebyshev,extra,distance,0.1,0.11777777777777779
HSV,theory,3,256,768,False,canberra,extra,distance,0.4,0.5122222222222222
HSV,theory,3,256,768,False,bhattacharyya,extra,distance,0.16666666666666666,0.21666666666666667
HSV,theory,3,256,768,False,kl,extra,distance,0.3333333333333333,0.38999999999999996
HSV,theory,3,256,768,False,js,extra,distance,0.3333333333333333,0.38888888888888895
HSV,theory,3,256,768,False,cosine,extra,similarity,0.23333333333333334,0.3233333333333333
HSV,theory,3,256,768,False,pearson,extra,similarity,0.2,0.28444444444444444
HSV,theory,3,256,768,False,emd,extra,distance,0.23333333333333334,0.275
HSV,theory,3,256,768,False,ks,extra,distance,0.16666666666666666,0.2111111111111111
HSV,theory,3,256,768,True,L1,theory,distance,0.4,0.4877777777777778
HSV,theory,3,256,768,True,L2,theory,distance,0.2,0.2944444444444444
HSV,theory,3,256,768,True,chi2,theory,distance,0.4,0.47277777777777785
HSV,theory,3,256,768,True,intersection,theory,similarity,0.4,0.4877777777777778
HSV,theory,3,256,768,True,hellinger,theory,similarity,0.4,0.46111111111111114
HSV,theory,3,256,768,True,chebyshev,extra,distance,0.16666666666666666,0.19722222222222222
HSV,theory,3,256,768,True,canberra,extra,distance,0.5,0.6122222222222221
HSV,theory,3,256,768,True,bhattacharyya,extra,distance,0.4,0.46111111111111114
HSV,theory,3,256,768,True,kl,extra,distance,0.4,0.4744444444444445
HSV,theory,3,256,768,True,js,extra,distance,0.4,0.4644444444444445
HSV,theory,3,256,768,True,cosine,extra,similarity,0.23333333333333334,0.3233333333333333
HSV,theory,3,256,768,True,pearson,extra,similarity,0.2,0.28444444444444444
HSV,theory,3,256,768,True,emd,extra,distance,0.43333333333333335,0.5227777777777779
HSV,theory,3,256,768,True,ks,extra,distance,0.2,0.2277777777777778
HSL,theory,3,8,24,False,L1,theory,distance,0.23333333333333334,0.32
HSL,theory,3,8,24,False,L2,theory,distance,0.23333333333333334,0.28500000000000003
HSL,theory,3,8,24,False,chi2,theory,distance,0.3,0.3538888888888889
HSL,theory,3,8,24,False,intersection,theory,similarity,0.26666666666666666,0.34388888888888897
HSL,theory,3,8,24,False,hellinger,theory,similarity,0.1,0.14444444444444443
HSL,theory,3,8,24,False,chebyshev,extra,distance,0.2,0.24444444444444444
HSL,theory,3,8,24,False,canberra,extra,distance,0.4,0.5222222222222223
HSL,theory,3,8,24,False,bhattacharyya,extra,distance,0.1,0.14444444444444443
HSL,theory,3,8,24,False,kl,extra,distance,0.2,0.21666666666666667
HSL,theory,3,8,24,False,js,extra,distance,0.3,0.3538888888888889
HSL,theory,3,8,24,False,cosine,extra,similarity,0.3,0.35500000000000004
HSL,theory,3,8,24,False,pearson,extra,similarity,0.3,0.3466666666666667
HSL,theory,3,8,24,False,emd,extra,distance,0.2,0.24444444444444444
HSL,theory,3,8,24,False,ks,extra,distance,0.13333333333333333,0.15833333333333333
HSL,theory,3,8,24,True,L1,theory,distance,0.4666666666666667,0.5066666666666666
HSL,theory,3,8,24,True,L2,theory,distance,0.3333333333333333,0.37444444444444447
HSL,theory,3,8,24,True,chi2,theory,distance,0.36666666666666664,0.43333333333333335
HSL,theory,3,8,24,True,intersection,theory,similarity,0.4666666666666667,0.5066666666666666
HSL,theory,3,8,24,True,hellinger,theory,similarity,0.36666666666666664,0.44166666666666665
HSL,theory,3,8,24,True,chebyshev,extra,distance,0.23333333333333334,0.28611111111111115
HSL,theory,3,8,24,True,canberra,extra,distance,0.5,0.575
HSL,theory,3,8,24,True,bhattacharyya,extra,distance,0.36666666666666664,0.44166666666666665
HSL,theory,3,8,24,True,kl,extra,distance,0.36666666666666664,0.4383333333333333
HSL,theory,3,8,24,True,js,extra,distance,0.36666666666666664,0.4388888888888889
HSL,theory,3,8,24,True,cosine,extra,similarity,0.3,0.35500000000000004
HSL,theory,3,8,24,True,pearson,extra,similarity,0.3,0.3466666666666667
HSL,theory,3,8,24,True,emd,extra,distance,0.43333333333333335,0.5177777777777778
HSL,theory,3,8,24,True,ks,extra,distance,0.23333333333333334,0.29277777777777775
HSL,theory,3,16,48,False,L1,theory,distance,0.3,0.4011111111111111
HSL,theory,3,16,48,False,L2,theory,distance,0.23333333333333334,0.27055555555555555
HSL,theory,3,16,48,False,chi2,theory,distance,0.3,0.4038888888888889
HSL,theory,3,16,48,False,intersection,theory,similarity,0.26666666666666666,0.37
HSL,theory,3,16,48,False,hellinger,theory,similarity,0.16666666666666666,0.2011111111111111
HSL,theory,3,16,48,False,chebyshev,extra,distance,0.2,0.21944444444444447
HSL,theory,3,16,48,False,canberra,extra,distance,0.43333333333333335,0.5455555555555556
HSL,theory,3,16,48,False,bhattacharyya,extra,distance,0.16666666666666666,0.2011111111111111
HSL,theory,3,16,48,False,kl,extra,distance,0.2,0.24555555555555555
HSL,theory,3,16,48,False,js,extra,distance,0.3333333333333333,0.42999999999999994
HSL,theory,3,16,48,False,cosine,extra,similarity,0.36666666666666664,0.4122222222222222
HSL,theory,3,16,48,False,pearson,extra,similarity,0.36666666666666664,0.41777777777777775
HSL,theory,3,16,48,False,emd,extra,distance,0.23333333333333334,0.2611111111111111
HSL,theory,3,16,48,False,ks,extra,distance,0.16666666666666666,0.19833333333333333
HSL,theory,3,16,48,True,L1,theory,distance,0.4666666666666667,0.551111111111111
HSL,theory,3,16,48,True,L2,theory,distance,0.3333333333333333,0.3927777777777778
HSL,theory,3,16,48,True,chi2,theory,distance,0.4,0.5
HSL,theory,3,16,48,True,intersection,theory,similarity,0.4666666666666667,0.551111111111111
HSL,theory,3,16,48,True,hellinger,theory,similarity,0.43333333333333335,0.5205555555555555
HSL,theory,3,16,48,True,chebyshev,extra,distance,0.26666666666666666,0.3011111111111111
HSL,theory,3,16,48,True,canberra,extra,distance,0.4,0.5444444444444445
HSL,theory,3,16,48,True,bhattacharyya,extra,distance,0.43333333333333335,0.5205555555555555
HSL,theory,3,16,48,True,kl,extra,distance,0.4666666666666667,0.5277777777777778
HSL,theory,3,16,48,True,js,extra,distance,0.4,0.4972222222222222
HSL,theory,3,16,48,True,cosine,extra,similarity,0.36666666666666664,0.4122222222222222
HSL,theory,3,16,48,True,pearson,extra,similarity,0.36666666666666664,0.41777777777777775
HSL,theory,3,16,48,True,emd,extra,distance,0.4666666666666667,0.5444444444444445
HSL,theory,3,16,48,True,ks,extra,distance,0.2,0.27777777777777773
HSL,theory,3,32,96,False,L1,theory,distance,0.3333333333333333,0.4011111111111111
HSL,theory,3,32,96,False,L2,theory,distance,0.23333333333333334,0.29
HSL,theory,3,32,96,False,chi2,theory,distance,0.4,0.4327777777777778
HSL,theory,3,32,96,False,intersection,theory,similarity,0.3,0.41000000000000003
HSL,theory,3,32,96,False,hellinger,theory,similarity,0.2,0.22333333333333333
HSL,theory,3,32,96,False,chebyshev,extra,distance,0.2,0.20833333333333334
HSL,theory,3,32,96,False,canberra,extra,distance,0.4666666666666667,0.5527777777777778
HSL,theory,3,32,96,False,bhattacharyya,extra,distance,0.2,0.22333333333333333
HSL,theory,3,32,96,False,kl,extra,distance,0.26666666666666666,0.31333333333333335
HSL,theory,3,32,96,False,js,extra,distance,0.4,0.4438888888888889
HSL,theory,3,32,96,False,cosine,extra,similarity,0.3333333333333333,0.3811111111111111
HSL,theory,3,32,96,False,pearson,extra,similarity,0.3333333333333333,0.37166666666666665
HSL,theory,3,32,96,False,emd,extra,distance,0.23333333333333334,0.2611111111111111
HSL,theory,3,32,96,False,ks,extra,distance,0.16666666666666666,0.2
HSL,theory,3,32,96,True,L1,theory,distance,0.5333333333333333,0.5583333333333333
HSL,theory,3,32,96,True,L2,theory,distance,0.36666666666666664,0.4222222222222222
HSL,theory,3,32,96,True,chi2,theory,distance,0.5,0.5111111111111111
HSL,theory,3,32,96,True,intersection,theory,similarity,0.5333333333333333,0.5583333333333333
HSL,theory,3,32,96,True,hellinger,theory,similarity,0.5,0.5177777777777778
HSL,theory,3,32,96,True,chebyshev,extra,distance,0.26666666666666666,0.2833333333333333
HSL,theory,3,32,96,True,canberra,extra,distance,0.5,0.59
HSL,theory,3,32,96,True,bhattacharyya,extra,distance,0.5,0.5177777777777778
HSL,theory,3,32,96,True,kl,extra,distance,0.5,0.5233333333333333
HSL,theory,3,32,96,True,js,extra,distance,0.5,0.5177777777777778
HSL,theory,3,32,96,True,cosine,extra,similarity,0.3333333333333333,0.3811111111111111
HSL,theory,3,32,96,True,pearson,extra,similarity,0.3333333333333333,0.37166666666666665
HSL,theory,3,32,96,True,emd,extra,distance,0.4666666666666667,0.5333333333333333
HSL,theory,3,32,96,True,ks,extra,distance,0.2,0.25277777777777777
HSL,theory,3,64,192,False,L1,theory,distance,0.26666666666666666,0.365
HSL,theory,3,64,192,False,L2,theory,distance,0.2,0.2677777777777778
HSL,theory,3,64,192,False,chi2,theory,distance,0.3333333333333333,0.3994444444444445
HSL,theory,3,64,192,False,intersection,theory,similarity,0.3333333333333333,0.4338888888888889
HSL,theory,3,64,192,False,hellinger,theory,similarity,0.2,0.21944444444444444
HSL,theory,3,64,192,False,chebyshev,extra,distance,0.13333333333333333,0.18166666666666667
HSL,theory,3,64,192,False,canberra,extra,distance,0.4666666666666667,0.5583333333333333
HSL,theory,3,64,192,False,bhattacharyya,extra,distance,0.2,0.21944444444444444
HSL,theory,3,64,192,False,kl,extra,distance,0.3,0.33833333333333326
HSL,theory,3,64,192,False,js,extra,distance,0.36666666666666664,0.41888888888888887
HSL,theory,3,64,192,False,cosine,extra,similarity,0.3333333333333333,0.36777777777777776
HSL,theory,3,64,192,False,pearson,extra,similarity,0.3,0.3416666666666667
HSL,theory,3,64,192,False,emd,extra,distance,0.23333333333333334,0.2611111111111111
HSL,theory,3,64,192,False,ks,extra,distance,0.13333333333333333,0.17777777777777776
HSL,theory,3,64,192,True,L1,theory,distance,0.43333333333333335,0.5133333333333333
HSL,theory,3,64,192,True,L2,theory,distance,0.3,0.36333333333333334
HSL,theory,3,64,192,True,chi2,theory,distance,0.4666666666666667,0.5027777777777778
HSL,theory,3,64,192,True,intersection,theory,similarity,0.43333333333333335,0.5133333333333333
HSL,theory,3,64,192,True,hellinger,theory,similarity,0.4666666666666667,0.4944444444444444
HSL,theory,3,64,192,True,chebyshev,extra,distance,0.1,0.16222222222222224
HSL,theory,3,64,192,True,canberra,extra,distance,0.4666666666666667,0.5694444444444445
HSL,theory,3,64,192,True,bhattacharyya,extra,distance,0.4666666666666667,0.4944444444444444
HSL,theory,3,64,192,True,kl,extra,distance,0.43333333333333335,0.4872222222222222
HSL,theory,3,64,192,True,js,extra,distance,0.4666666666666667,0.5011111111111111
HSL,theory,3,64,192,True,cosine,extra,similarity,0.3333333333333333,0.36777777777777776
HSL,theory,3,64,192,True,pearson,extra,similarity,0.3,0.3416666666666667
HSL,theory,3,64,192,True,emd,extra,distance,0.4666666666666667,0.538888888888889
HSL,theory,3,64,192,True,ks,extra,distance,0.23333333333333334,0.28055555555555556
HSL,theory,3,128,384,False,L1,theory,distance,0.26666666666666666,0.36333333333333334
HSL,theory,3,128,384,False,L2,theory,distance,0.16666666666666666,0.25222222222222224
HSL,theory,3,128,384,False,chi2,theory,distance,0.3333333333333333,0.3994444444444445
HSL,theory,3,128,384,False,intersection,theory,similarity,0.4,0.46777777777777774
HSL,theory,3,128,384,False,hellinger,theory,similarity,0.2,0.22777777777777777
HSL,theory,3,128,384,False,chebyshev,extra,distance,0.1,0.14666666666666667
HSL,theory,3,128,384,False,canberra,extra,distance,0.43333333333333335,0.5305555555555556
HSL,theory,3,128,384,False,bhattacharyya,extra,distance,0.2,0.22777777777777777
HSL,theory,3,128,384,False,kl,extra,distance,0.3333333333333333,0.37833333333333335
HSL,theory,3,128,384,False,js,extra,distance,0.36666666666666664,0.41611111111111115
HSL,theory,3,128,384,False,cosine,extra,similarity,0.3,0.3444444444444444
HSL,theory,3,128,384,False,pearson,extra,similarity,0.26666666666666666,0.31111111111111106
HSL,theory,3,128,384,False,emd,extra,distance,0.23333333333333334,0.2611111111111111
HSL,theory,3,128,384,False,ks,extra,distance,0.13333333333333333,0.1788888888888889
HSL,theory,3,128,384,True,L1,theory,distance,0.5,0.5399999999999999
HSL,theory,3,128,384,True,L2,theory,distance,0.23333333333333334,0.32166666666666666
HSL,theory,3,128,384,True,chi2,theory,distance,0.4666666666666667,0.5083333333333333
HSL,theory,3,128,384,True,intersection,theory,similarity,0.5,0.5399999999999999
HSL,theory,3,128,384,True,hellinger,theory,similarity,0.4666666666666667,0.5022222222222222
HSL,theory,3,128,384,True,chebyshev,extra,distance,0.13333333333333333,0.1761111111111111
HSL,theory,3,128,384,True,canberra,extra,distance,0.43333333333333335,0.538888888888889
HSL,theory,3,128,384,True,bhattacharyya,extra,distance,0.4666666666666667,0.5022222222222222
HSL,theory,3,128,384,True,kl,extra,distance,0.4,0.4872222222222222
HSL,theory,3,128,384,True,js,extra,distance,0.4666666666666667,0.5038888888888889
HSL,theory,3,128,384,True,cosine,extra,similarity,0.3,0.3444444444444444
HSL,theory,3,128,384,True,pearson,extra,similarity,0.26666666666666666,0.31111111111111106
HSL,theory,3,128,384,True,emd,extra,distance,0.4666666666666667,0.5333333333333333
HSL,theory,3,128,384,True,ks,extra,distance,0.2,0.25555555555555554
HSL,theory,3,256,768,False,L1,theory,distance,0.26666666666666666,0.3511111111111111
HSL,theory,3,256,768,False,L2,theory,distance,0.2,0.24444444444444444
HSL,theory,3,256,768,False,chi2,theory,distance,0.3333333333333333,0.3938888888888889
HSL,theory,3,256,768,False,intersection,theory,similarity,0.4,0.4511111111111111
HSL,theory,3,256,768,False,hellinger,theory,similarity,0.2,0.22777777777777777
HSL,theory,3,256,768,False,chebyshev,extra,distance,0.1,0.11777777777777779
HSL,theory,3,256,768,False,canberra,extra,distance,0.4,0.5122222222222221
HSL,theory,3,256,768,False,bhattacharyya,extra,distance,0.2,0.22777777777777777
HSL,theory,3,256,768,False,kl,extra,distance,0.3333333333333333,0.3844444444444444
HSL,theory,3,256,768,False,js,extra,distance,0.36666666666666664,0.4077777777777778
HSL,theory,3,256,768,False,cosine,extra,similarity,0.26666666666666666,0.325
HSL,theory,3,256,768,False,pearson,extra,similarity,0.26666666666666666,0.3233333333333333
HSL,theory,3,256,768,False,emd,extra,distance,0.23333333333333334,0.2611111111111111
HSL,theory,3,256,768,False,ks,extra,distance,0.13333333333333333,0.1788888888888889
HSL,theory,3,256,768,True,L1,theory,distance,0.5,0.5277777777777778
HSL,theory,3,256,768,True,L2,theory,distance,0.23333333333333334,0.31111111111111106
HSL,theory,3,256,768,True,chi2,theory,distance,0.4666666666666667,0.4972222222222222
HSL,theory,3,256,768,True,intersection,theory,similarity,0.5,0.5277777777777778
HSL,theory,3,256,768,True,hellinger,theory,similarity,0.4666666666666667,0.4955555555555556
HSL,theory,3,256,768,True,chebyshev,extra,distance,0.16666666666666666,0.20277777777777778
HSL,theory,3,256,768,True,canberra,extra,distance,0.5,0.5888888888888888
HSL,theory,3,256,768,True,bhattacharyya,extra,distance,0.4666666666666667,0.4955555555555556
HSL,theory,3,256,768,True,kl,extra,distance,0.43333333333333335,0.5038888888888889
HSL,theory,3,256,768,True,js,extra,distance,0.4666666666666667,0.4888888888888889
HSL,theory,3,256,768,True,cosine,extra,similarity,0.26666666666666666,0.325
HSL,theory,3,256,768,True,pearson,extra,similarity,0.26666666666666666,0.3233333333333333
HSL,theory,3,256,768,True,emd,extra,distance,0.4666666666666667,0.5333333333333333
HSL,theory,3,256,768,True,ks,extra,distance,0.2,0.25277777777777777
YUV,theory,3,8,24,False,L1,theory,distance,0.3333333333333333,0.3694444444444444
YUV,theory,3,8,24,False,L2,theory,distance,0.26666666666666666,0.30666666666666664
YUV,theory,3,8,24,False,chi2,theory,distance,0.3333333333333333,0.3861111111111111
YUV,theory,3,8,24,False,intersection,theory,similarity,0.23333333333333334,0.2733333333333333
YUV,theory,3,8,24,False,hellinger,theory,similarity,0.1,0.115
YUV,theory,3,8,24,False,chebyshev,extra,distance,0.23333333333333334,0.25666666666666665
YUV,theory,3,8,24,False,canberra,extra,distance,0.4,0.47055555555555556
YUV,theory,3,8,24,False,bhattacharyya,extra,distance,0.1,0.115
YUV,theory,3,8,24,False,kl,extra,distance,0.13333333333333333,0.1611111111111111
YUV,theory,3,8,24,False,js,extra,distance,0.3333333333333333,0.39166666666666666
YUV,theory,3,8,24,False,cosine,extra,similarity,0.3333333333333333,0.3777777777777777
YUV,theory,3,8,24,False,pearson,extra,similarity,0.3333333333333333,0.3777777777777777
YUV,theory,3,8,24,False,emd,extra,distance,0.1,0.15
YUV,theory,3,8,24,False,ks,extra,distance,0.2,0.21666666666666667
YUV,theory,3,8,24,True,L1,theory,distance,0.4,0.4527777777777778
YUV,theory,3,8,24,True,L2,theory,distance,0.3333333333333333,0.3927777777777778
YUV,theory,3,8,24,True,chi2,theory,distance,0.43333333333333335,0.4983333333333333
YUV,theory,3,8,24,True,intersection,theory,similarity,0.4,0.4527777777777778
YUV,theory,3,8,24,True,hellinger,theory,similarity,0.43333333333333335,0.4944444444444444
YUV,theory,3,8,24,True,chebyshev,extra,distance,0.3,0.35
YUV,theory,3,8,24,True,canberra,extra,distance,0.4666666666666667,0.5344444444444444
YUV,theory,3,8,24,True,bhattacharyya,extra,distance,0.43333333333333335,0.4944444444444444
YUV,theory,3,8,24,True,kl,extra,distance,0.4666666666666667,0.5166666666666667
YUV,theory,3,8,24,True,js,extra,distance,0.43333333333333335,0.4944444444444444
YUV,theory,3,8,24,True,cosine,extra,similarity,0.3333333333333333,0.3777777777777777
YUV,theory,3,8,24,True,pearson,extra,similarity,0.3333333333333333,0.3777777777777777
YUV,theory,3,8,24,True,emd,extra,distance,0.4,0.44944444444444437
YUV,theory,3,8,24,True,ks,extra,distance,0.26666666666666666,0.3272222222222222
YUV,theory,3,16,48,False,L1,theory,distance,0.3,0.3861111111111111
YUV,theory,3,16,48,False,L2,theory,distance,0.3,0.35
YUV,theory,3,16,48,False,chi2,theory,distance,0.3333333333333333,0.40777777777777774
YUV,theory,3,16,48,False,intersection,theory,similarity,0.3,0.35
YUV,theory,3,16,48,False,hellinger,theory,similarity,0.13333333333333333,0.17444444444444446
YUV,theory,3,16,48,False,chebyshev,extra,distance,0.23333333333333334,0.2777777777777778
YUV,theory,3,16,48,False,canberra,extra,distance,0.5,0.5416666666666666
YUV,theory,3,16,48,False,bhattacharyya,extra,distance,0.13333333333333333,0.17444444444444446
YUV,theory,3,16,48,False,kl,extra,distance,0.16666666666666666,0.25333333333333335
YUV,theory,3,16,48,False,js,extra,distance,0.3333333333333333,0.3983333333333333
YUV,theory,3,16,48,False,cosine,extra,similarity,0.4,0.4444444444444445
YUV,theory,3,16,48,False,pearson,extra,similarity,0.4,0.4444444444444445
YUV,theory,3,16,48,False,emd,extra,distance,0.16666666666666666,0.20666666666666667
YUV,theory,3,16,48,False,ks,extra,distance,0.16666666666666666,0.20500000000000002
YUV,theory,3,16,48,True,L1,theory,distance,0.43333333333333335,0.5272222222222223
YUV,theory,3,16,48,True,L2,theory,distance,0.36666666666666664,0.4361111111111111
YUV,theory,3,16,48,True,chi2,theory,distance,0.43333333333333335,0.4972222222222223
YUV,theory,3,16,48,True,intersection,theory,similarity,0.43333333333333335,0.5272222222222223
YUV,theory,3,16,48,True,hellinger,theory,similarity,0.43333333333333335,0.5011111111111111
YUV,theory,3,16,48,True,chebyshev,extra,distance,0.26666666666666666,0.34833333333333333
YUV,theory,3,16,48,True,canberra,extra,distance,0.5333333333333333,0.5833333333333334
YUV,theory,3,16,48,True,bhattacharyya,extra,distance,0.43333333333333335,0.5011111111111111
YUV,theory,3,16,48,True,kl,extra,distance,0.43333333333333335,0.5055555555555555
YUV,theory,3,16,48,True,js,extra,distance,0.43333333333333335,0.49555555555555564
YUV,theory,3,16,48,True,cosine,extra,similarity,0.4,0.4444444444444445
YUV,theory,3,16,48,True,pearson,extra,similarity,0.4,0.4444444444444445
YUV,theory,3,16,48,True,emd,extra,distance,0.43333333333333335,0.5
YUV,theory,3,16,48,True,ks,extra,distance,0.23333333333333334,0.29277777777777775
YUV,theory,3,32,96,False,L1,theory,distance,0.26666666666666666,0.3555555555555555
YUV,theory,3,32,96,False,L2,theory,distance,0.26666666666666666,0.3138888888888889
YUV,theory,3,32,96,False,chi2,theory,distance,0.4,0.43666666666666665
YUV,theory,3,32,96,False,intersection,theory,similarity,0.3333333333333333,0.415
YUV,theory,3,32,96,False,hellinger,theory,similarity,0.16666666666666666,0.21666666666666667
YUV,theory,3,32,96,False,chebyshev,extra,distance,0.23333333333333334,0.2761111111111111
YUV,theory,3,32,96,False,canberra,extra,distance,0.4666666666666667,0.5194444444444445
YUV,theory,3,32,96,False,bhattacharyya,extra,distance,0.16666666666666666,0.21666666666666667
YUV,theory,3,32,96,False,kl,extra,distance,0.16666666666666666,0.2833333333333333
YUV,theory,3,32,96,False,js,extra,distance,0.4,0.43666666666666665
YUV,theory,3,32,96,False,cosine,extra,similarity,0.3333333333333333,0.3744444444444444
YUV,theory,3,32,96,False,pearson,extra,similarity,0.3333333333333333,0.36111111111111105
YUV,theory,3,32,96,False,emd,extra,distance,0.16666666666666666,0.21777777777777776
YUV,theory,3,32,96,False,ks,extra,distance,0.16666666666666666,0.20944444444444443
YUV,theory,3,32,96,True,L1,theory,distance,0.43333333333333335,0.5333333333333333
YUV,theory,3,32,96,True,L2,theory,distance,0.36666666666666664,0.4066666666666667
YUV,theory,3,32,96,True,chi2,theory,distance,0.5,0.545
YUV,theory,3,32,96,True,intersection,theory,similarity,0.43333333333333335,0.5333333333333333
YUV,theory,3,32,96,True,hellinger,theory,similarity,0.5,0.525
YUV,theory,3,32,96,True,chebyshev,extra,distance,0.26666666666666666,0.31777777777777777
YUV,theory,3,32,96,True,canberra,extra,distance,0.4666666666666667,0.5444444444444445
YUV,theory,3,32,96,True,bhattacharyya,extra,distance,0.5,0.525
YUV,theory,3,32,96,True,kl,extra,distance,0.5,0.5333333333333333
YUV,theory,3,32,96,True,js,extra,distance,0.5,0.5316666666666666
YUV,theory,3,32,96,True,cosine,extra,similarity,0.3333333333333333,0.3744444444444444
YUV,theory,3,32,96,True,pearson,extra,similarity,0.3333333333333333,0.36111111111111105
YUV,theory,3,32,96,True,emd,extra,distance,0.4666666666666667,0.5066666666666667
YUV,theory,3,32,96,True,ks,extra,distance,0.2,0.24555555555555558
YUV,theory,3,64,192,False,L1,theory,distance,0.3333333333333333,0.35833333333333334
YUV,theory,3,64,192,False,L2,theory,distance,0.3,0.325
YUV,theory,3,64,192,False,chi2,theory,distance,0.3,0.3633333333333333
YUV,theory,3,64,192,False,intersection,theory,similarity,0.4,0.43333333333333335
YUV,theory,3,64,192,False,hellinger,theory,similarity,0.13333333333333333,0.20833333333333334
YUV,theory,3,64,192,False,chebyshev,extra,distance,0.23333333333333334,0.2638888888888889
YUV,theory,3,64,192,False,canberra,extra,distance,0.43333333333333335,0.513888888888889
YUV,theory,3,64,192,False,bhattacharyya,extra,distance,0.13333333333333333,0.20833333333333334
YUV,theory,3,64,192,False,kl,extra,distance,0.13333333333333333,0.29277777777777775
YUV,theory,3,64,192,False,js,extra,distance,0.3,0.365
YUV,theory,3,64,192,False,cosine,extra,similarity,0.3333333333333333,0.365
YUV,theory,3,64,192,False,pearson,extra,similarity,0.3333333333333333,0.365
YUV,theory,3,64,192,False,emd,extra,distance,0.16666666666666666,0.2261111111111111
YUV,theory,3,64,192,False,ks,extra,distance,0.2,0.2277777777777778
YUV,theory,3,64,192,True,L1,theory,distance,0.4,0.4788888888888889
YUV,theory,3,64,192,True,L2,theory,distance,0.36666666666666664,0.38333333333333336
YUV,theory,3,64,192,True,chi2,theory,distance,0.4,0.4366666666666667
YUV,theory,3,64,192,True,intersection,theory,similarity,0.4,0.4788888888888889
YUV,theory,3,64,192,True,hellinger,theory,similarity,0.4,0.43833333333333335
YUV,theory,3,64,192,True,chebyshev,extra,distance,0.26666666666666666,0.3222222222222222
YUV,theory,3,64,192,True,canberra,extra,distance,0.4666666666666667,0.5444444444444444
YUV,theory,3,64,192,True,bhattacharyya,extra,distance,0.4,0.43833333333333335
YUV,theory,3,64,192,True,kl,extra,distance,0.36666666666666664,0.4527777777777777
YUV,theory,3,64,192,True,js,extra,distance,0.4,0.425
YUV,theory,3,64,192,True,cosine,extra,similarity,0.3333333333333333,0.365
YUV,theory,3,64,192,True,pearson,extra,similarity,0.3333333333333333,0.365
YUV,theory,3,64,192,True,emd,extra,distance,0.4666666666666667,0.5133333333333333
YUV,theory,3,64,192,True,ks,extra,distance,0.2,0.2677777777777778
YUV,theory,3,128,384,False,L1,theory,distance,0.3,0.3527777777777778
YUV,theory,3,128,384,False,L2,theory,distance,0.23333333333333334,0.2833333333333333
YUV,theory,3,128,384,False,chi2,theory,distance,0.3,0.3466666666666667
YUV,theory,3,128,384,False,intersection,theory,similarity,0.4,0.41944444444444445
YUV,theory,3,128,384,False,hellinger,theory,similarity,0.16666666666666666,0.23333333333333334
YUV,theory,3,128,384,False,chebyshev,extra,distance,0.2,0.2611111111111111
YUV,theory,3,128,384,False,canberra,extra,distance,0.4666666666666667,0.5277777777777778
YUV,theory,3,128,384,False,bhattacharyya,extra,distance,0.16666666666666666,0.23333333333333334
YUV,theory,3,128,384,False,kl,extra,distance,0.26666666666666666,0.33999999999999997
YUV,theory,3,128,384,False,js,extra,distance,0.3,0.34833333333333333
YUV,theory,3,128,384,False,cosine,extra,similarity,0.3,0.33555555555555555
YUV,theory,3,128,384,False,pearson,extra,similarity,0.3,0.33555555555555555
YUV,theory,3,128,384,False,emd,extra,distance,0.16666666666666666,0.2261111111111111
YUV,theory,3,128,384,False,ks,extra,distance,0.2,0.2277777777777778
YUV,theory,3,128,384,True,L1,theory,distance,0.36666666666666664,0.4861111111111111
YUV,theory,3,128,384,True,L2,theory,distance,0.3,0.34555555555555556
YUV,theory,3,128,384,True,chi2,theory,distance,0.3333333333333333,0.39944444444444444
YUV,theory,3,128,384,True,intersection,theory,similarity,0.36666666666666664,0.4861111111111111
YUV,theory,3,128,384,True,hellinger,theory,similarity,0.36666666666666664,0.42055555555555557
YUV,theory,3,128,384,True,chebyshev,extra,distance,0.23333333333333334,0.2916666666666667
YUV,theory,3,128,384,True,canberra,extra,distance,0.5,0.5611111111111111
YUV,theory,3,128,384,True,bhattacharyya,extra,distance,0.36666666666666664,0.42055555555555557
YUV,theory,3,128,384,True,kl,extra,distance,0.3333333333333333,0.4233333333333333
YUV,theory,3,128,384,True,js,extra,distance,0.3333333333333333,0.39944444444444444
YUV,theory,3,128,384,True,cosine,extra,similarity,0.3,0.33555555555555555
YUV,theory,3,128,384,True,pearson,extra,similarity,0.3,0.33555555555555555
YUV,theory,3,128,384,True,emd,extra,distance,0.4666666666666667,0.5066666666666666
YUV,theory,3,128,384,True,ks,extra,distance,0.2,0.26666666666666666
YUV,theory,3,256,768,False,L1,theory,distance,0.26666666666666666,0.325
YUV,theory,3,256,768,False,L2,theory,distance,0.26666666666666666,0.29444444444444445
YUV,theory,3,256,768,False,chi2,theory,distance,0.3,0.3416666666666667
YUV,theory,3,256,768,False,intersection,theory,similarity,0.36666666666666664,0.3966666666666666
YUV,theory,3,256,768,False,hellinger,theory,similarity,0.16666666666666666,0.23333333333333334
YUV,theory,3,256,768,False,chebyshev,extra,distance,0.23333333333333334,0.2733333333333333
YUV,theory,3,256,768,False,canberra,extra,distance,0.5,0.5416666666666666
YUV,theory,3,256,768,False,bhattacharyya,extra,distance,0.16666666666666666,0.23333333333333334
YUV,theory,3,256,768,False,kl,extra,distance,0.26666666666666666,0.3466666666666667
YUV,theory,3,256,768,False,js,extra,distance,0.3,0.3416666666666667
YUV,theory,3,256,768,False,cosine,extra,similarity,0.26666666666666666,0.3
YUV,theory,3,256,768,False,pearson,extra,similarity,0.3,0.31666666666666665
YUV,theory,3,256,768,False,emd,extra,distance,0.16666666666666666,0.2261111111111111
YUV,theory,3,256,768,False,ks,extra,distance,0.2,0.2277777777777778
YUV,theory,3,256,768,True,L1,theory,distance,0.3,0.4161111111111111
YUV,theory,3,256,768,True,L2,theory,distance,0.26666666666666666,0.30666666666666664
YUV,theory,3,256,768,True,chi2,theory,distance,0.3333333333333333,0.39555555555555555
YUV,theory,3,256,768,True,intersection,theory,similarity,0.3,0.4161111111111111
YUV,theory,3,256,768,True,hellinger,theory,similarity,0.3333333333333333,0.36944444444444446
YUV,theory,3,256,768,True,chebyshev,extra,distance,0.16666666666666666,0.24000000000000002
YUV,theory,3,256,768,True,canberra,extra,distance,0.5,0.5527777777777778
YUV,theory,3,256,768,True,bhattacharyya,extra,distance,0.3333333333333333,0.36944444444444446
YUV,theory,3,256,768,True,kl,extra,distance,0.3333333333333333,0.4311111111111111
YUV,theory,3,256,768,True,js,extra,distance,0.3333333333333333,0.3844444444444444
YUV,theory,3,256,768,True,cosine,extra,similarity,0.26666666666666666,0.3
YUV,theory,3,256,768,True,pearson,extra,similarity,0.3,0.31666666666666665
YUV,theory,3,256,768,True,emd,extra,distance,0.4666666666666667,0.5066666666666666
YUV,theory,3,256,768,True,ks,extra,distance,0.2,0.25
YCbCr,theory,3,8,24,False,L1,theory,distance,0.23333333333333334,0.315
YCbCr,theory,3,8,24,False,L2,theory,distance,0.26666666666666666,0.28833333333333333
YCbCr,theory,3,8,24,False,chi2,theory,distance,0.3,0.3722222222222223
YCbCr,theory,3,8,24,False,intersection,theory,similarity,0.26666666666666666,0.3
YCbCr,theory,3,8,24,False,hellinger,theory,similarity,0.1,0.11666666666666667
YCbCr,theory,3,8,24,False,chebyshev,extra,distance,0.2,0.23333333333333334
YCbCr,theory,3,8,24,False,canberra,extra,distance,0.43333333333333335,0.5022222222222222
YCbCr,theory,3,8,24,False,bhattacharyya,extra,distance,0.1,0.11666666666666667
YCbCr,theory,3,8,24,False,kl,extra,distance,0.13333333333333333,0.16999999999999998
YCbCr,theory,3,8,24,False,js,extra,distance,0.3,0.3777777777777777
YCbCr,theory,3,8,24,False,cosine,extra,similarity,0.3333333333333333,0.35833333333333334
YCbCr,theory,3,8,24,False,pearson,extra,similarity,0.3333333333333333,0.36111111111111105
YCbCr,theory,3,8,24,False,emd,extra,distance,0.1,0.15
YCbCr,theory,3,8,24,False,ks,extra,distance,0.16666666666666666,0.2
YCbCr,theory,3,8,24,True,L1,theory,distance,0.3333333333333333,0.38999999999999996
YCbCr,theory,3,8,24,True,L2,theory,distance,0.36666666666666664,0.38611111111111107
YCbCr,theory,3,8,24,True,chi2,theory,distance,0.36666666666666664,0.4666666666666667
YCbCr,theory,3,8,24,True,intersection,theory,similarity,0.3333333333333333,0.38999999999999996
YCbCr,theory,3,8,24,True,hellinger,theory,similarity,0.4,0.49166666666666664
YCbCr,theory,3,8,24,True,chebyshev,extra,distance,0.3,0.3416666666666667
YCbCr,theory,3,8,24,True,canberra,extra,distance,0.5,0.5733333333333334
YCbCr,theory,3,8,24,True,bhattacharyya,extra,distance,0.4,0.49166666666666664
YCbCr,theory,3,8,24,True,kl,extra,distance,0.36666666666666664,0.4583333333333333
YCbCr,theory,3,8,24,True,js,extra,distance,0.36666666666666664,0.4722222222222222
YCbCr,theory,3,8,24,True,cosine,extra,similarity,0.3333333333333333,0.35833333333333334
YCbCr,theory,3,8,24,True,pearson,extra,similarity,0.3333333333333333,0.36111111111111105
YCbCr,theory,3,8,24,True,emd,extra,distance,0.36666666666666664,0.42166666666666663
YCbCr,theory,3,8,24,True,ks,extra,distance,0.23333333333333334,0.29
YCbCr,theory,3,16,48,False,L1,theory,distance,0.23333333333333334,0.3333333333333333
YCbCr,theory,3,16,48,False,L2,theory,distance,0.26666666666666666,0.33611111111111114
YCbCr,theory,3,16,48,False,chi2,theory,distance,0.3,0.3761111111111112
YCbCr,theory,3,16,48,False,intersection,theory,similarity,0.26666666666666666,0.3277777777777778
YCbCr,theory,3,16,48,False,hellinger,theory,similarity,0.1,0.15944444444444444
YCbCr,theory,3,16,48,False,chebyshev,extra,distance,0.23333333333333334,0.2816666666666666
YCbCr,theory,3,16,48,False,canberra,extra,distance,0.4666666666666667,0.5233333333333334
YCbCr,theory,3,16,48,False,bhattacharyya,extra,distance,0.1,0.15944444444444444
YCbCr,theory,3,16,48,False,kl,extra,distance,0.13333333333333333,0.20666666666666664
YCbCr,theory,3,16,48,False,js,extra,distance,0.3333333333333333,0.3861111111111111
YCbCr,theory,3,16,48,False,cosine,extra,similarity,0.3333333333333333,0.38611111111111107
YCbCr,theory,3,16,48,False,pearson,extra,similarity,0.3333333333333333,0.38333333333333336
YCbCr,theory,3,16,48,False,emd,extra,distance,0.13333333333333333,0.18833333333333335
YCbCr,theory,3,16,48,False,ks,extra,distance,0.13333333333333333,0.16944444444444445
YCbCr,theory,3,16,48,True,L1,theory,distance,0.36666666666666664,0.4716666666666667
YCbCr,theory,3,16,48,True,L2,theory,distance,0.3333333333333333,0.4
YCbCr,theory,3,16,48,True,chi2,theory,distance,0.36666666666666664,0.45111111111111113
YCbCr,theory,3,16,48,True,intersection,theory,similarity,0.36666666666666664,0.4716666666666667
YCbCr,theory,3,16,48,True,hellinger,theory,similarity,0.5,0.5177777777777778
YCbCr,theory,3,16,48,True,chebyshev,extra,distance,0.2,0.2872222222222222
YCbCr,theory,3,16,48,True,canberra,extra,distance,0.5,0.5844444444444445
YCbCr,theory,3,16,48,True,bhattacharyya,extra,distance,0.5,0.5177777777777778
YCbCr,theory,3,16,48,True,kl,extra,distance,0.36666666666666664,0.4761111111111111
YCbCr,theory,3,16,48,True,js,extra,distance,0.4,0.4677777777777778
YCbCr,theory,3,16,48,True,cosine,extra,similarity,0.3333333333333333,0.38611111111111107
YCbCr,theory,3,16,48,True,pearson,extra,similarity,0.3333333333333333,0.38333333333333336
YCbCr,theory,3,16,48,True,emd,extra,distance,0.4,0.4827777777777778
YCbCr,theory,3,16,48,True,ks,extra,distance,0.2,0.24444444444444446
YCbCr,theory,3,32,96,False,L1,theory,distance,0.3,0.36944444444444446
YCbCr,theory,3,32,96,False,L2,theory,distance,0.3333333333333333,0.3611111111111111
YCbCr,theory,3,32,96,False,chi2,theory,distance,0.3333333333333333,0.39166666666666666
YCbCr,theory,3,32,96,False,intersection,theory,similarity,0.3,0.365
YCbCr,theory,3,32,96,False,hellinger,theory,similarity,0.16666666666666666,0.21388888888888888
YCbCr,theory,3,32,96,False,chebyshev,extra,distance,0.26666666666666666,0.315
YCbCr,theory,3,32,96,False,canberra,extra,distance,0.4666666666666667,0.5361111111111112
YCbCr,theory,3,32,96,False,bhattacharyya,extra,distance,0.16666666666666666,0.21388888888888888
YCbCr,theory,3,32,96,False,kl,extra,distance,0.16666666666666666,0.27777777777777773
YCbCr,theory,3,32,96,False,js,extra,distance,0.36666666666666664,0.4083333333333333
YCbCr,theory,3,32,96,False,cosine,extra,similarity,0.3333333333333333,0.39555555555555555
YCbCr,theory,3,32,96,False,pearson,extra,similarity,0.3333333333333333,0.3888888888888889
YCbCr,theory,3,32,96,False,emd,extra,distance,0.13333333333333333,0.19833333333333333
YCbCr,theory,3,32,96,False,ks,extra,distance,0.16666666666666666,0.20833333333333334
YCbCr,theory,3,32,96,True,L1,theory,distance,0.43333333333333335,0.47777777777777775
YCbCr,theory,3,32,96,True,L2,theory,distance,0.36666666666666664,0.41388888888888886
YCbCr,theory,3,32,96,True,chi2,theory,distance,0.43333333333333335,0.49
YCbCr,theory,3,32,96,True,intersection,theory,similarity,0.43333333333333335,0.47777777777777775
YCbCr,theory,3,32,96,True,hellinger,theory,similarity,0.5,0.5316666666666666
YCbCr,theory,3,32,96,True,chebyshev,extra,distance,0.3,0.35666666666666663
YCbCr,theory,3,32,96,True,canberra,extra,distance,0.5333333333333333,0.59
YCbCr,theory,3,32,96,True,bhattacharyya,extra,distance,0.5,0.5316666666666666
YCbCr,theory,3,32,96,True,kl,extra,distance,0.4666666666666667,0.5083333333333333
YCbCr,theory,3,32,96,True,js,extra,distance,0.43333333333333335,0.49277777777777776
YCbCr,theory,3,32,96,True,cosine,extra,similarity,0.3333333333333333,0.39555555555555555
YCbCr,theory,3,32,96,True,pearson,extra,similarity,0.3333333333333333,0.3888888888888889
YCbCr,theory,3,32,96,True,emd,extra,distance,0.4666666666666667,0.5177777777777778
YCbCr,theory,3,32,96,True,ks,extra,distance,0.2,0.2427777777777778
YCbCr,theory,3,64,192,False,L1,theory,distance,0.3,0.3511111111111111
YCbCr,theory,3,64,192,False,L2,theory,distance,0.3,0.33166666666666667
YCbCr,theory,3,64,192,False,chi2,theory,distance,0.3,0.36333333333333334
YCbCr,theory,3,64,192,False,intersection,theory,similarity,0.3333333333333333,0.38166666666666665
YCbCr,theory,3,64,192,False,hellinger,theory,similarity,0.16666666666666666,0.23333333333333334
YCbCr,theory,3,64,192,False,chebyshev,extra,distance,0.23333333333333334,0.2733333333333333
YCbCr,theory,3,64,192,False,canberra,extra,distance,0.4666666666666667,0.5361111111111112
YCbCr,theory,3,64,192,False,bhattacharyya,extra,distance,0.16666666666666666,0.23333333333333334
YCbCr,theory,3,64,192,False,kl,extra,distance,0.16666666666666666,0.3022222222222222
YCbCr,theory,3,64,192,False,js,extra,distance,0.3,0.37
YCbCr,theory,3,64,192,False,cosine,extra,similarity,0.3333333333333333,0.3972222222222222
YCbCr,theory,3,64,192,False,pearson,extra,similarity,0.3333333333333333,0.3972222222222222
YCbCr,theory,3,64,192,False,emd,extra,distance,0.13333333333333333,0.2011111111111111
YCbCr,theory,3,64,192,False,ks,extra,distance,0.2,0.225
YCbCr,theory,3,64,192,True,L1,theory,distance,0.36666666666666664,0.4672222222222222
YCbCr,theory,3,64,192,True,L2,theory,distance,0.3333333333333333,0.4011111111111111
YCbCr,theory,3,64,192,True,chi2,theory,distance,0.36666666666666664,0.45666666666666667
YCbCr,theory,3,64,192,True,intersection,theory,similarity,0.36666666666666664,0.4672222222222222
YCbCr,theory,3,64,192,True,hellinger,theory,similarity,0.43333333333333335,0.4888888888888889
YCbCr,theory,3,64,192,True,chebyshev,extra,distance,0.26666666666666666,0.3288888888888889
YCbCr,theory,3,64,192,True,canberra,extra,distance,0.5,0.5722222222222222
YCbCr,theory,3,64,192,True,bhattacharyya,extra,distance,0.43333333333333335,0.4888888888888889
YCbCr,theory,3,64,192,True,kl,extra,distance,0.43333333333333335,0.48611111111111105
YCbCr,theory,3,64,192,True,js,extra,distance,0.4,0.475
YCbCr,theory,3,64,192,True,cosine,extra,similarity,0.3333333333333333,0.3972222222222222
YCbCr,theory,3,64,192,True,pearson,extra,similarity,0.3333333333333333,0.3972222222222222
YCbCr,theory,3,64,192,True,emd,extra,distance,0.4666666666666667,0.5144444444444445
YCbCr,theory,3,64,192,True,ks,extra,distance,0.2,0.2605555555555556
YCbCr,theory,3,128,384,False,L1,theory,distance,0.26666666666666666,0.33722222222222226
YCbCr,theory,3,128,384,False,L2,theory,distance,0.23333333333333334,0.275
YCbCr,theory,3,128,384,False,chi2,theory,distance,0.3,0.35
YCbCr,theory,3,128,384,False,intersection,theory,similarity,0.36666666666666664,0.4083333333333333
YCbCr,theory,3,128,384,False,hellinger,theory,similarity,0.16666666666666666,0.21944444444444444
YCbCr,theory,3,128,384,False,chebyshev,extra,distance,0.2,0.23333333333333334
YCbCr,theory,3,128,384,False,canberra,extra,distance,0.4666666666666667,0.5305555555555556
YCbCr,theory,3,128,384,False,bhattacharyya,extra,distance,0.16666666666666666,0.21944444444444444
YCbCr,theory,3,128,384,False,kl,extra,distance,0.16666666666666666,0.30388888888888893
YCbCr,theory,3,128,384,False,js,extra,distance,0.3,0.34833333333333333
YCbCr,theory,3,128,384,False,cosine,extra,similarity,0.26666666666666666,0.3111111111111111
YCbCr,theory,3,128,384,False,pearson,extra,similarity,0.26666666666666666,0.3111111111111111
YCbCr,theory,3,128,384,False,emd,extra,distance,0.13333333333333333,0.20388888888888887
YCbCr,theory,3,128,384,False,ks,extra,distance,0.2,0.225
YCbCr,theory,3,128,384,True,L1,theory,distance,0.3333333333333333,0.4622222222222222
YCbCr,theory,3,128,384,True,L2,theory,distance,0.26666666666666666,0.3194444444444444
YCbCr,theory,3,128,384,True,chi2,theory,distance,0.3333333333333333,0.4055555555555556
YCbCr,theory,3,128,384,True,intersection,theory,similarity,0.3333333333333333,0.4622222222222222
YCbCr,theory,3,128,384,True,hellinger,theory,similarity,0.36666666666666664,0.41777777777777786
YCbCr,theory,3,128,384,True,chebyshev,extra,distance,0.16666666666666666,0.23444444444444443
YCbCr,theory,3,128,384,True,canberra,extra,distance,0.5,0.5583333333333333
YCbCr,theory,3,128,384,True,bhattacharyya,extra,distance,0.36666666666666664,0.41777777777777786
YCbCr,theory,3,128,384,True,kl,extra,distance,0.4,0.47055555555555556
YCbCr,theory,3,128,384,True,js,extra,distance,0.3333333333333333,0.3944444444444445
YCbCr,theory,3,128,384,True,cosine,extra,similarity,0.26666666666666666,0.3111111111111111
YCbCr,theory,3,128,384,True,pearson,extra,similarity,0.26666666666666666,0.3111111111111111
YCbCr,theory,3,128,384,True,emd,extra,distance,0.43333333333333335,0.49111111111111116
YCbCr,theory,3,128,384,True,ks,extra,distance,0.16666666666666666,0.2277777777777778
YCbCr,theory,3,256,768,False,L1,theory,distance,0.26666666666666666,0.3194444444444444
YCbCr,theory,3,256,768,False,L2,theory,distance,0.26666666666666666,0.27777777777777773
YCbCr,theory,3,256,768,False,chi2,theory,distance,0.26666666666666666,0.3233333333333333
YCbCr,theory,3,256,768,False,intersection,theory,similarity,0.4,0.4066666666666666
YCbCr,theory,3,256,768,False,hellinger,theory,similarity,0.16666666666666666,0.23166666666666666
YCbCr,theory,3,256,768,False,chebyshev,extra,distance,0.2,0.22333333333333333
YCbCr,theory,3,256,768,False,canberra,extra,distance,0.5,0.5444444444444445
YCbCr,theory,3,256,768,False,bhattacharyya,extra,distance,0.16666666666666666,0.23166666666666666
YCbCr,theory,3,256,768,False,kl,extra,distance,0.23333333333333334,0.3188888888888889
YCbCr,theory,3,256,768,False,js,extra,distance,0.3,0.3333333333333333
YCbCr,theory,3,256,768,False,cosine,extra,similarity,0.26666666666666666,0.2833333333333333
YCbCr,theory,3,256,768,False,pearson,extra,similarity,0.26666666666666666,0.2833333333333333
YCbCr,theory,3,256,768,False,emd,extra,distance,0.13333333333333333,0.20388888888888887
YCbCr,theory,3,256,768,False,ks,extra,distance,0.2,0.225
YCbCr,theory,3,256,768,True,L1,theory,distance,0.3333333333333333,0.43333333333333335
YCbCr,theory,3,256,768,True,L2,theory,distance,0.26666666666666666,0.2833333333333333
YCbCr,theory,3,256,768,True,chi2,theory,distance,0.3333333333333333,0.3888888888888889
YCbCr,theory,3,256,768,True,intersection,theory,similarity,0.3333333333333333,0.43333333333333335
YCbCr,theory,3,256,768,True,hellinger,theory,similarity,0.3333333333333333,0.38
YCbCr,theory,3,256,768,True,chebyshev,extra,distance,0.2,0.24444444444444444
YCbCr,theory,3,256,768,True,canberra,extra,distance,0.5333333333333333,0.5722222222222222
YCbCr,theory,3,256,768,True,bhattacharyya,extra,distance,0.3333333333333333,0.38
YCbCr,theory,3,256,768,True,kl,extra,distance,0.3,0.4038888888888889
YCbCr,theory,3,256,768,True,js,extra,distance,0.3333333333333333,0.38333333333333336
YCbCr,theory,3,256,768,True,cosine,extra,similarity,0.26666666666666666,0.2833333333333333
YCbCr,theory,3,256,768,True,pearson,extra,similarity,0.26666666666666666,0.2833333333333333
YCbCr,theory,3,256,768,True,emd,extra,distance,0.43333333333333335,0.4927777777777778
YCbCr,theory,3,256,768,True,ks,extra,distance,0.16666666666666666,0.2277777777777778
CIELab,theory,3,8,24,False,L1,theory,distance,0.23333333333333334,0.31999999999999995
CIELab,theory,3,8,24,False,L2,theory,distance,0.23333333333333334,0.3161111111111111
CIELab,theory,3,8,24,False,chi2,theory,distance,0.26666666666666666,0.34444444444444444
CIELab,theory,3,8,24,False,intersection,theory,similarity,0.26666666666666666,0.33055555555555555
CIELab,theory,3,8,24,False,hellinger,theory,similarity,0.16666666666666666,0.175
CIELab,theory,3,8,24,False,chebyshev,extra,distance,0.26666666666666666,0.3011111111111111
CIELab,theory,3,8,24,False,canberra,extra,distance,0.4,0.4638888888888889
CIELab,theory,3,8,24,False,bhattacharyya,extra,distance,0.16666666666666666,0.175
CIELab,theory,3,8,24,False,kl,extra,distance,0.2,0.23166666666666666
CIELab,theory,3,8,24,False,js,extra,distance,0.26666666666666666,0.3522222222222222
CIELab,theory,3,8,24,False,cosine,extra,similarity,0.3,0.35555555555555557
CIELab,theory,3,8,24,False,pearson,extra,similarity,0.3,0.35555555555555557
CIELab,theory,3,8,24,False,emd,extra,distance,0.2,0.225
CIELab,theory,3,8,24,False,ks,extra,distance,0.16666666666666666,0.19
CIELab,theory,3,8,24,True,L1,theory,distance,0.3,0.3977777777777778
CIELab,theory,3,8,24,True,L2,theory,distance,0.3,0.3622222222222222
CIELab,theory,3,8,24,True,chi2,theory,distance,0.3,0.41444444444444445
CIELab,theory,3,8,24,True,intersection,theory,similarity,0.3,0.3977777777777778
CIELab,theory,3,8,24,True,hellinger,theory,similarity,0.3333333333333333,0.43444444444444447
CIELab,theory,3,8,24,True,chebyshev,extra,distance,0.26666666666666666,0.31888888888888894
CIELab,theory,3,8,24,True,canberra,extra,distance,0.4666666666666667,0.5472222222222222
CIELab,theory,3,8,24,True,bhattacharyya,extra,distance,0.3333333333333333,0.43444444444444447
CIELab,theory,3,8,24,True,kl,extra,distance,0.3333333333333333,0.43722222222222223
CIELab,theory,3,8,24,True,js,extra,distance,0.3,0.41777777777777775
CIELab,theory,3,8,24,True,cosine,extra,similarity,0.3,0.35555555555555557
CIELab,theory,3,8,24,True,pearson,extra,similarity,0.3,0.35555555555555557
CIELab,theory,3,8,24,True,emd,extra,distance,0.3333333333333333,0.4605555555555555
CIELab,theory,3,8,24,True,ks,extra,distance,0.2,0.22777777777777777
CIELab,theory,3,16,48,False,L1,theory,distance,0.36666666666666664,0.39166666666666666
CIELab,theory,3,16,48,False,L2,theory,distance,0.3333333333333333,0.375
CIELab,theory,3,16,48,False,chi2,theory,distance,0.36666666666666664,0.415
CIELab,theory,3,16,48,False,intersection,theory,similarity,0.36666666666666664,0.4222222222222222
CIELab,theory,3,16,48,False,hellinger,theory,similarity,0.13333333333333333,0.1761111111111111
CIELab,theory,3,16,48,False,chebyshev,extra,distance,0.3,0.3233333333333333
CIELab,theory,3,16,48,False,canberra,extra,distance,0.5333333333333333,0.5944444444444446
CIELab,theory,3,16,48,False,bhattacharyya,extra,distance,0.13333333333333333,0.1761111111111111
CIELab,theory,3,16,48,False,kl,extra,distance,0.23333333333333334,0.3
CIELab,theory,3,16,48,False,js,extra,distance,0.3333333333333333,0.39666666666666667
CIELab,theory,3,16,48,False,cosine,extra,similarity,0.4,0.4666666666666667
CIELab,theory,3,16,48,False,pearson,extra,similarity,0.4,0.4555555555555556
CIELab,theory,3,16,48,False,emd,extra,distance,0.16666666666666666,0.20833333333333334
CIELab,theory,3,16,48,False,ks,extra,distance,0.16666666666666666,0.19166666666666668
CIELab,theory,3,16,48,True,L1,theory,distance,0.5,0.5872222222222222
CIELab,theory,3,16,48,True,L2,theory,distance,0.4,0.4666666666666667
CIELab,theory,3,16,48,True,chi2,theory,distance,0.5,0.5416666666666666
CIELab,theory,3,16,48,True,intersection,theory,similarity,0.5,0.5872222222222222
CIELab,theory,3,16,48,True,hellinger,theory,similarity,0.5,0.5399999999999999
CIELab,theory,3,16,48,True,chebyshev,extra,distance,0.36666666666666664,0.39666666666666667
CIELab,theory,3,16,48,True,canberra,extra,distance,0.6,0.6444444444444444
CIELab,theory,3,16,48,True,bhattacharyya,extra,distance,0.5,0.5399999999999999
CIELab,theory,3,16,48,True,kl,extra,distance,0.5,0.5344444444444444
CIELab,theory,3,16,48,True,js,extra,distance,0.5,0.5399999999999999
CIELab,theory,3,16,48,True,cosine,extra,similarity,0.4,0.4666666666666667
CIELab,theory,3,16,48,True,pearson,extra,similarity,0.4,0.4555555555555556
CIELab,theory,3,16,48,True,emd,extra,distance,0.43333333333333335,0.513888888888889
CIELab,theory,3,16,48,True,ks,extra,distance,0.23333333333333334,0.2827777777777778
CIELab,theory,3,32,96,False,L1,theory,distance,0.3333333333333333,0.4083333333333333
CIELab,theory,3,32,96,False,L2,theory,distance,0.3333333333333333,0.33999999999999997
CIELab,theory,3,32,96,False,chi2,theory,distance,0.36666666666666664,0.45
CIELab,theory,3,32,96,False,intersection,theory,similarity,0.4,0.45
CIELab,theory,3,32,96,False,hellinger,theory,similarity,0.23333333333333334,0.2611111111111111
CIELab,theory,3,32,96,False,chebyshev,extra,distance,0.23333333333333334,0.28055555555555556
CIELab,theory,3,32,96,False,canberra,extra,distance,0.5333333333333333,0.5944444444444446
CIELab,theory,3,32,96,False,bhattacharyya,extra,distance,0.23333333333333334,0.2611111111111111
CIELab,theory,3,32,96,False,kl,extra,distance,0.23333333333333334,0.3277777777777777
CIELab,theory,3,32,96,False,js,extra,distance,0.4,0.48166666666666663
CIELab,theory,3,32,96,False,cosine,extra,similarity,0.3333333333333333,0.4022222222222222
CIELab,theory,3,32,96,False,pearson,extra,similarity,0.3333333333333333,0.4022222222222222
CIELab,theory,3,32,96,False,emd,extra,distance,0.2,0.23166666666666666
CIELab,theory,3,32,96,False,ks,extra,distance,0.13333333333333333,0.19833333333333333
CIELab,theory,3,32,96,True,L1,theory,distance,0.5333333333333333,0.6388888888888888
CIELab,theory,3,32,96,True,L2,theory,distance,0.36666666666666664,0.4305555555555555
CIELab,theory,3,32,96,True,chi2,theory,distance,0.5,0.5983333333333333
CIELab,theory,3,32,96,True,intersection,theory,similarity,0.5333333333333333,0.6388888888888888
CIELab,theory,3,32,96,True,hellinger,theory,similarity,0.5,0.5722222222222222
CIELab,theory,3,32,96,True,chebyshev,extra,distance,0.3333333333333333,0.39666666666666667
CIELab,theory,3,32,96,True,canberra,extra,distance,0.5666666666666667,0.6483333333333333
CIELab,theory,3,32,96,True,bhattacharyya,extra,distance,0.5,0.5722222222222222
CIELab,theory,3,32,96,True,kl,extra,distance,0.4666666666666667,0.5555555555555555
CIELab,theory,3,32,96,True,js,extra,distance,0.5,0.5788888888888889
CIELab,theory,3,32,96,True,cosine,extra,similarity,0.3333333333333333,0.4022222222222222
CIELab,theory,3,32,96,True,pearson,extra,similarity,0.3333333333333333,0.4022222222222222
CIELab,theory,3,32,96,True,emd,extra,distance,0.4666666666666667,0.5188888888888888
CIELab,theory,3,32,96,True,ks,extra,distance,0.23333333333333334,0.2788888888888889
CIELab,theory,3,64,192,False,L1,theory,distance,0.36666666666666664,0.4011111111111111
CIELab,theory,3,64,192,False,L2,theory,distance,0.26666666666666666,0.2972222222222222
CIELab,theory,3,64,192,False,chi2,theory,distance,0.36666666666666664,0.4233333333333333
CIELab,theory,3,64,192,False,intersection,theory,similarity,0.43333333333333335,0.45
CIELab,theory,3,64,192,False,hellinger,theory,similarity,0.23333333333333334,0.26222222222222225
CIELab,theory,3,64,192,False,chebyshev,extra,distance,0.2,0.24444444444444444
CIELab,theory,3,64,192,False,canberra,extra,distance,0.5333333333333333,0.5900000000000001
CIELab,theory,3,64,192,False,bhattacharyya,extra,distance,0.23333333333333334,0.26222222222222225
CIELab,theory,3,64,192,False,kl,extra,distance,0.26666666666666666,0.33722222222222226
CIELab,theory,3,64,192,False,js,extra,distance,0.36666666666666664,0.43555555555555553
CIELab,theory,3,64,192,False,cosine,extra,similarity,0.3333333333333333,0.3811111111111111
CIELab,theory,3,64,192,False,pearson,extra,similarity,0.3333333333333333,0.3783333333333333
CIELab,theory,3,64,192,False,emd,extra,distance,0.2,0.23166666666666666
CIELab,theory,3,64,192,False,ks,extra,distance,0.13333333333333333,0.2011111111111111
CIELab,theory,3,64,192,True,L1,theory,distance,0.4666666666666667,0.5555555555555555
CIELab,theory,3,64,192,True,L2,theory,distance,0.3333333333333333,0.36777777777777776
CIELab,theory,3,64,192,True,chi2,theory,distance,0.43333333333333335,0.5
CIELab,theory,3,64,192,True,intersection,theory,similarity,0.4666666666666667,0.5555555555555555
CIELab,theory,3,64,192,True,hellinger,theory,similarity,0.43333333333333335,0.5133333333333333
CIELab,theory,3,64,192,True,chebyshev,extra,distance,0.26666666666666666,0.305
CIELab,theory,3,64,192,True,canberra,extra,distance,0.5666666666666667,0.6177777777777779
CIELab,theory,3,64,192,True,bhattacharyya,extra,distance,0.43333333333333335,0.5133333333333333
CIELab,theory,3,64,192,True,kl,extra,distance,0.5,0.5416666666666666
CIELab,theory,3,64,192,True,js,extra,distance,0.43333333333333335,0.505
CIELab,theory,3,64,192,True,cosine,extra,similarity,0.3333333333333333,0.3811111111111111
CIELab,theory,3,64,192,True,pearson,extra,similarity,0.3333333333333333,0.3783333333333333
CIELab,theory,3,64,192,True,emd,extra,distance,0.4666666666666667,0.5188888888888888
CIELab,theory,3,64,192,True,ks,extra,distance,0.2,0.25833333333333336
CIELab,theory,3,128,384,False,L1,theory,distance,0.36666666666666664,0.3944444444444445
CIELab,theory,3,128,384,False,L2,theory,distance,0.26666666666666666,0.30944444444444447
CIELab,theory,3,128,384,False,chi2,theory,distance,0.36666666666666664,0.42055555555555557
CIELab,theory,3,128,384,False,intersection,theory,similarity,0.4,0.4444444444444445
CIELab,theory,3,128,384,False,hellinger,theory,similarity,0.23333333333333334,0.2511111111111111
CIELab,theory,3,128,384,False,chebyshev,extra,distance,0.13333333333333333,0.21666666666666667
CIELab,theory,3,128,384,False,canberra,extra,distance,0.5333333333333333,0.5900000000000001
CIELab,theory,3,128,384,False,bhattacharyya,extra,distance,0.23333333333333334,0.2511111111111111
CIELab,theory,3,128,384,False,kl,extra,distance,0.23333333333333334,0.3222222222222222
CIELab,theory,3,128,384,False,js,extra,distance,0.36666666666666664,0.42888888888888893
CIELab,theory,3,128,384,False,cosine,extra,similarity,0.26666666666666666,0.3244444444444445
CIELab,theory,3,128,384,False,pearson,extra,similarity,0.26666666666666666,0.3244444444444445
CIELab,theory,3,128,384,False,emd,extra,distance,0.2,0.23166666666666666
CIELab,theory,3,128,384,False,ks,extra,distance,0.13333333333333333,0.19166666666666668
CIELab,theory,3,128,384,True,L1,theory,distance,0.5,0.5788888888888889
CIELab,theory,3,128,384,True,L2,theory,distance,0.26666666666666666,0.32166666666666666
CIELab,theory,3,128,384,True,chi2,theory,distance,0.43333333333333335,0.4972222222222222
CIELab,theory,3,128,384,True,intersection,theory,similarity,0.5,0.5788888888888889
CIELab,theory,3,128,384,True,hellinger,theory,similarity,0.43333333333333335,0.5122222222222222
CIELab,theory,3,128,384,True,chebyshev,extra,distance,0.2,0.275
CIELab,theory,3,128,384,True,canberra,extra,distance,0.5666666666666667,0.6222222222222222
CIELab,theory,3,128,384,True,bhattacharyya,extra,distance,0.43333333333333335,0.5122222222222222
CIELab,theory,3,128,384,True,kl,extra,distance,0.5333333333333333,0.5694444444444445
CIELab,theory,3,128,384,True,js,extra,distance,0.43333333333333335,0.5061111111111111
CIELab,theory,3,128,384,True,cosine,extra,similarity,0.26666666666666666,0.3244444444444445
CIELab,theory,3,128,384,True,pearson,extra,similarity,0.26666666666666666,0.3244444444444445
CIELab,theory,3,128,384,True,emd,extra,distance,0.4666666666666667,0.5188888888888888
CIELab,theory,3,128,384,True,ks,extra,distance,0.16666666666666666,0.2472222222222222
CIELab,theory,3,256,768,False,L1,theory,distance,0.3333333333333333,0.3788888888888889
CIELab,theory,3,256,768,False,L2,theory,distance,0.26666666666666666,0.29555555555555557
CIELab,theory,3,256,768,False,chi2,theory,distance,0.36666666666666664,0.41388888888888886
CIELab,theory,3,256,768,False,intersection,theory,similarity,0.4,0.4383333333333333
CIELab,theory,3,256,768,False,hellinger,theory,similarity,0.23333333333333334,0.26333333333333336
CIELab,theory,3,256,768,False,chebyshev,extra,distance,0.16666666666666666,0.2261111111111111
CIELab,theory,3,256,768,False,canberra,extra,distance,0.5666666666666667,0.5972222222222222
CIELab,theory,3,256,768,False,bhattacharyya,extra,distance,0.23333333333333334,0.26333333333333336
CIELab,theory,3,256,768,False,kl,extra,distance,0.23333333333333334,0.3222222222222222
CIELab,theory,3,256,768,False,js,extra,distance,0.3333333333333333,0.39555555555555555
CIELab,theory,3,256,768,False,cosine,extra,similarity,0.26666666666666666,0.30944444444444447
CIELab,theory,3,256,768,False,pearson,extra,similarity,0.26666666666666666,0.30944444444444447
CIELab,theory,3,256,768,False,emd,extra,distance,0.2,0.23444444444444443
CIELab,theory,3,256,768,False,ks,extra,distance,0.13333333333333333,0.19166666666666668
CIELab,theory,3,256,768,True,L1,theory,distance,0.43333333333333335,0.5222222222222223
CIELab,theory,3,256,768,True,L2,theory,distance,0.26666666666666666,0.30666666666666664
CIELab,theory,3,256,768,True,chi2,theory,distance,0.43333333333333335,0.49277777777777776
CIELab,theory,3,256,768,True,intersection,theory,similarity,0.43333333333333335,0.5222222222222223
CIELab,theory,3,256,768,True,hellinger,theory,similarity,0.43333333333333335,0.5038888888888889
CIELab,theory,3,256,768,True,chebyshev,extra,distance,0.26666666666666666,0.2816666666666666
CIELab,theory,3,256,768,True,canberra,extra,distance,0.6,0.6288888888888889
CIELab,theory,3,256,768,True,bhattacharyya,extra,distance,0.43333333333333335,0.5038888888888889
CIELab,theory,3,256,768,True,kl,extra,distance,0.5333333333333333,0.565
CIELab,theory,3,256,768,True,js,extra,distance,0.43333333333333335,0.4911111111111111
CIELab,theory,3,256,768,True,cosine,extra,similarity,0.26666666666666666,0.30944444444444447
CIELab,theory,3,256,768,True,pearson,extra,similarity,0.26666666666666666,0.30944444444444447
CIELab,theory,3,256,768,True,emd,extra,distance,0.4666666666666667,0.5188888888888888
CIELab,theory,3,256,768,True,ks,extra,distance,0.16666666666666666,0.2594444444444445
XYZ,extra,3,8,24,False,L1,theory,distance,0.23333333333333334,0.2761111111111111
XYZ,extra,3,8,24,False,L2,theory,distance,0.23333333333333334,0.2761111111111111
XYZ,extra,3,8,24,False,chi2,theory,distance,0.23333333333333334,0.26666666666666666
XYZ,extra,3,8,24,False,intersection,theory,similarity,0.13333333333333333,0.1861111111111111
XYZ,extra,3,8,24,False,hellinger,theory,similarity,0.06666666666666667,0.09166666666666666
XYZ,extra,3,8,24,False,chebyshev,extra,distance,0.2,0.23333333333333334
XYZ,extra,3,8,24,False,canberra,extra,distance,0.3,0.33444444444444443
XYZ,extra,3,8,24,False,bhattacharyya,extra,distance,0.06666666666666667,0.09166666666666666
XYZ,extra,3,8,24,False,kl,extra,distance,0.06666666666666667,0.08444444444444445
XYZ,extra,3,8,24,False,js,extra,distance,0.26666666666666666,0.2833333333333333
XYZ,extra,3,8,24,False,cosine,extra,similarity,0.3,0.3522222222222222
XYZ,extra,3,8,24,False,pearson,extra,similarity,0.26666666666666666,0.3222222222222222
XYZ,extra,3,8,24,False,emd,extra,distance,0.13333333333333333,0.17888888888888888
XYZ,extra,3,8,24,False,ks,extra,distance,0.2,0.21111111111111114
XYZ,extra,3,8,24,True,L1,theory,distance,0.26666666666666666,0.3222222222222222
XYZ,extra,3,8,24,True,L2,theory,distance,0.3,0.3538888888888889
XYZ,extra,3,8,24,True,chi2,theory,distance,0.3333333333333333,0.35833333333333334
XYZ,extra,3,8,24,True,intersection,theory,similarity,0.26666666666666666,0.3222222222222222
XYZ,extra,3,8,24,True,hellinger,theory,similarity,0.3,0.3416666666666667
XYZ,extra,3,8,24,True,chebyshev,extra,distance,0.23333333333333334,0.2861111111111111
XYZ,extra,3,8,24,True,canberra,extra,distance,0.26666666666666666,0.33444444444444443
XYZ,extra,3,8,24,True,bhattacharyya,extra,distance,0.3,0.3416666666666667
XYZ,extra,3,8,24,True,kl,extra,distance,0.3333333333333333,0.3777777777777778
XYZ,extra,3,8,24,True,js,extra,distance,0.3333333333333333,0.35833333333333334
XYZ,extra,3,8,24,True,cosine,extra,similarity,0.3,0.3522222222222222
XYZ,extra,3,8,24,True,pearson,extra,similarity,0.26666666666666666,0.3222222222222222
XYZ,extra,3,8,24,True,emd,extra,distance,0.23333333333333334,0.2833333333333333
XYZ,extra,3,8,24,True,ks,extra,distance,0.2,0.2638888888888889
XYZ,extra,3,16,48,False,L1,theory,distance,0.23333333333333334,0.2761111111111111
XYZ,extra,3,16,48,False,L2,theory,distance,0.23333333333333334,0.25
XYZ,extra,3,16,48,False,chi2,theory,distance,0.23333333333333334,0.27777777777777773
XYZ,extra,3,16,48,False,intersection,theory,similarity,0.1,0.2011111111111111
XYZ,extra,3,16,48,False,hellinger,theory,similarity,0.1,0.11111111111111112
XYZ,extra,3,16,48,False,chebyshev,extra,distance,0.23333333333333334,0.24166666666666667
XYZ,extra,3,16,48,False,canberra,extra,distance,0.3333333333333333,0.4
XYZ,extra,3,16,48,False,bhattacharyya,extra,distance,0.1,0.11111111111111112
XYZ,extra,3,16,48,False,kl,extra,distance,0.06666666666666667,0.09833333333333334
XYZ,extra,3,16,48,False,js,extra,distance,0.23333333333333334,0.27777777777777773
XYZ,extra,3,16,48,False,cosine,extra,similarity,0.3,0.3333333333333333
XYZ,extra,3,16,48,False,pearson,extra,similarity,0.26666666666666666,0.3233333333333333
XYZ,extra,3,16,48,False,emd,extra,distance,0.13333333333333333,0.17777777777777776
XYZ,extra,3,16,48,False,ks,extra,distance,0.2,0.20666666666666667
XYZ,extra,3,16,48,True,L1,theory,distance,0.3,0.3277777777777778
XYZ,extra,3,16,48,True,L2,theory,distance,0.3,0.3333333333333333
XYZ,extra,3,16,48,True,chi2,theory,distance,0.3,0.3416666666666667
XYZ,extra,3,16,48,True,intersection,theory,similarity,0.3,0.3277777777777778
XYZ,extra,3,16,48,True,hellinger,theory,similarity,0.3,0.3444444444444444
XYZ,extra,3,16,48,True,chebyshev,extra,distance,0.3,0.3222222222222222
XYZ,extra,3,16,48,True,canberra,extra,distance,0.3333333333333333,0.4083333333333333
XYZ,extra,3,16,48,True,bhattacharyya,extra,distance,0.3,0.3444444444444444
XYZ,extra,3,16,48,True,kl,extra,distance,0.26666666666666666,0.31666666666666665
XYZ,extra,3,16,48,True,js,extra,distance,0.3,0.3444444444444444
XYZ,extra,3,16,48,True,cosine,extra,similarity,0.3,0.3333333333333333
XYZ,extra,3,16,48,True,pearson,extra,similarity,0.26666666666666666,0.3233333333333333
XYZ,extra,3,16,48,True,emd,extra,distance,0.23333333333333334,0.28888888888888886
XYZ,extra,3,16,48,True,ks,extra,distance,0.2,0.2611111111111111
XYZ,extra,3,32,96,False,L1,theory,distance,0.23333333333333334,0.26666666666666666
XYZ,extra,3,32,96,False,L2,theory,distance,0.2,0.23333333333333334
XYZ,extra,3,32,96,False,chi2,theory,distance,0.2,0.2611111111111111
XYZ,extra,3,32,96,False,intersection,theory,similarity,0.1,0.19111111111111112
XYZ,extra,3,32,96,False,hellinger,theory,similarity,0.1,0.11111111111111112
XYZ,extra,3,32,96,False,chebyshev,extra,distance,0.2,0.2111111111111111
XYZ,extra,3,32,96,False,canberra,extra,distance,0.36666666666666664,0.41777777777777775
XYZ,extra,3,32,96,False,bhattacharyya,extra,distance,0.1,0.11111111111111112
XYZ,extra,3,32,96,False,kl,extra,distance,0.06666666666666667,0.10666666666666667
XYZ,extra,3,32,96,False,js,extra,distance,0.2,0.2611111111111111
XYZ,extra,3,32,96,False,cosine,extra,similarity,0.26666666666666666,0.30833333333333335
XYZ,extra,3,32,96,False,pearson,extra,similarity,0.26666666666666666,0.3194444444444444
XYZ,extra,3,32,96,False,emd,extra,distance,0.13333333333333333,0.17777777777777776
XYZ,extra,3,32,96,False,ks,extra,distance,0.2,0.20833333333333334
XYZ,extra,3,32,96,True,L1,theory,distance,0.26666666666666666,0.31777777777777777
XYZ,extra,3,32,96,True,L2,theory,distance,0.26666666666666666,0.30833333333333335
XYZ,extra,3,32,96,True,chi2,theory,distance,0.26666666666666666,0.3277777777777777
XYZ,extra,3,32,96,True,intersection,theory,similarity,0.26666666666666666,0.31777777777777777
XYZ,extra,3,32,96,True,hellinger,theory,similarity,0.26666666666666666,0.3222222222222222
XYZ,extra,3,32,96,True,chebyshev,extra,distance,0.23333333333333334,0.2833333333333333
XYZ,extra,3,32,96,True,canberra,extra,distance,0.36666666666666664,0.41777777777777775
XYZ,extra,3,32,96,True,bhattacharyya,extra,distance,0.26666666666666666,0.3222222222222222
XYZ,extra,3,32,96,True,kl,extra,distance,0.23333333333333334,0.2916666666666667
XYZ,extra,3,32,96,True,js,extra,distance,0.26666666666666666,0.3222222222222222
XYZ,extra,3,32,96,True,cosine,extra,similarity,0.26666666666666666,0.30833333333333335
XYZ,extra,3,32,96,True,pearson,extra,similarity,0.26666666666666666,0.3194444444444444
XYZ,extra,3,32,96,True,emd,extra,distance,0.26666666666666666,0.31222222222222223
XYZ,extra,3,32,96,True,ks,extra,distance,0.2,0.24666666666666667
XYZ,extra,3,64,192,False,L1,theory,distance,0.2,0.24833333333333335
XYZ,extra,3,64,192,False,L2,theory,distance,0.2,0.225
XYZ,extra,3,64,192,False,chi2,theory,distance,0.2,0.2611111111111111
XYZ,extra,3,64,192,False,intersection,theory,similarity,0.16666666666666666,0.2222222222222222
XYZ,extra,3,64,192,False,hellinger,theory,similarity,0.1,0.11111111111111112
XYZ,extra,3,64,192,False,chebyshev,extra,distance,0.13333333333333333,0.1761111111111111
XYZ,extra,3,64,192,False,canberra,extra,distance,0.36666666666666664,0.41666666666666674
XYZ,extra,3,64,192,False,bhattacharyya,extra,distance,0.1,0.11111111111111112
XYZ,extra,3,64,192,False,kl,extra,distance,0.06666666666666667,0.10666666666666667
XYZ,extra,3,64,192,False,js,extra,distance,0.2,0.2611111111111111
XYZ,extra,3,64,192,False,cosine,extra,similarity,0.26666666666666666,0.30833333333333335
XYZ,extra,3,64,192,False,pearson,extra,similarity,0.26666666666666666,0.31666666666666665
XYZ,extra,3,64,192,False,emd,extra,distance,0.13333333333333333,0.17777777777777776
XYZ,extra,3,64,192,False,ks,extra,distance,0.2,0.20833333333333334
XYZ,extra,3,64,192,True,L1,theory,distance,0.26666666666666666,0.3194444444444444
XYZ,extra,3,64,192,True,L2,theory,distance,0.23333333333333334,0.29
XYZ,extra,3,64,192,True,chi2,theory,distance,0.26666666666666666,0.3222222222222222
XYZ,extra,3,64,192,True,intersection,theory,similarity,0.26666666666666666,0.3194444444444444
XYZ,extra,3,64,192,True,hellinger,theory,similarity,0.26666666666666666,0.3194444444444444
XYZ,extra,3,64,192,True,chebyshev,extra,distance,0.13333333333333333,0.20666666666666667
XYZ,extra,3,64,192,True,canberra,extra,distance,0.36666666666666664,0.43555555555555553
XYZ,extra,3,64,192,True,bhattacharyya,extra,distance,0.26666666666666666,0.3194444444444444
XYZ,extra,3,64,192,True,kl,extra,distance,0.2,0.2677777777777778
XYZ,extra,3,64,192,True,js,extra,distance,0.26666666666666666,0.3194444444444444
XYZ,extra,3,64,192,True,cosine,extra,similarity,0.26666666666666666,0.30833333333333335
XYZ,extra,3,64,192,True,pearson,extra,similarity,0.26666666666666666,0.31666666666666665
XYZ,extra,3,64,192,True,emd,extra,distance,0.26666666666666666,0.30944444444444447
XYZ,extra,3,64,192,True,ks,extra,distance,0.2,0.24666666666666667
XYZ,extra,3,128,384,False,L1,theory,distance,0.2,0.25277777777777777
XYZ,extra,3,128,384,False,L2,theory,distance,0.2,0.22333333333333333
XYZ,extra,3,128,384,False,chi2,theory,distance,0.2,0.25833333333333336
XYZ,extra,3,128,384,False,intersection,theory,similarity,0.16666666666666666,0.23055555555555554
XYZ,extra,3,128,384,False,hellinger,theory,similarity,0.1,0.11111111111111112
XYZ,extra,3,128,384,False,chebyshev,extra,distance,0.16666666666666666,0.20555555555555555
XYZ,extra,3,128,384,False,canberra,extra,distance,0.36666666666666664,0.4055555555555556
XYZ,extra,3,128,384,False,bhattacharyya,extra,distance,0.1,0.11111111111111112
XYZ,extra,3,128,384,False,kl,extra,distance,0.06666666666666667,0.10833333333333334
XYZ,extra,3,128,384,False,js,extra,distance,0.2,0.2611111111111111
XYZ,extra,3,128,384,False,cosine,extra,similarity,0.23333333333333334,0.29
XYZ,extra,3,128,384,False,pearson,extra,similarity,0.26666666666666666,0.31666666666666665
XYZ,extra,3,128,384,False,emd,extra,distance,0.13333333333333333,0.17777777777777776
XYZ,extra,3,128,384,False,ks,extra,distance,0.2,0.20833333333333334
XYZ,extra,3,128,384,True,L1,theory,distance,0.26666666666666666,0.3194444444444444
XYZ,extra,3,128,384,True,L2,theory,distance,0.23333333333333334,0.27777777777777773
XYZ,extra,3,128,384,True,chi2,theory,distance,0.26666666666666666,0.3194444444444444
XYZ,extra,3,128,384,True,intersection,theory,similarity,0.26666666666666666,0.3194444444444444
XYZ,extra,3,128,384,True,hellinger,theory,similarity,0.26666666666666666,0.3194444444444444
XYZ,extra,3,128,384,True,chebyshev,extra,distance,0.2,0.22333333333333333
XYZ,extra,3,128,384,True,canberra,extra,distance,0.36666666666666664,0.4244444444444444
XYZ,extra,3,128,384,True,bhattacharyya,extra,distance,0.26666666666666666,0.3194444444444444
XYZ,extra,3,128,384,True,kl,extra,distance,0.2,0.24444444444444444
XYZ,extra,3,128,384,True,js,extra,distance,0.26666666666666666,0.3194444444444444
XYZ,extra,3,128,384,True,cosine,extra,similarity,0.23333333333333334,0.29
XYZ,extra,3,128,384,True,pearson,extra,similarity,0.26666666666666666,0.31666666666666665
XYZ,extra,3,128,384,True,emd,extra,distance,0.26666666666666666,0.30944444444444447
XYZ,extra,3,128,384,True,ks,extra,distance,0.2,0.24833333333333335
XYZ,extra,3,256,768,False,L1,theory,distance,0.2,0.25277777777777777
XYZ,extra,3,256,768,False,L2,theory,distance,0.2,0.22333333333333333
XYZ,extra,3,256,768,False,chi2,theory,distance,0.2,0.2611111111111111
XYZ,extra,3,256,768,False,intersection,theory,similarity,0.16666666666666666,0.23055555555555554
XYZ,extra,3,256,768,False,hellinger,theory,similarity,0.1,0.11111111111111112
XYZ,extra,3,256,768,False,chebyshev,extra,distance,0.2,0.20666666666666667
XYZ,extra,3,256,768,False,canberra,extra,distance,0.36666666666666664,0.4027777777777778
XYZ,extra,3,256,768,False,bhattacharyya,extra,distance,0.1,0.11111111111111112
XYZ,extra,3,256,768,False,kl,extra,distance,0.06666666666666667,0.11111111111111112
XYZ,extra,3,256,768,False,js,extra,distance,0.2,0.2611111111111111
XYZ,extra,3,256,768,False,cosine,extra,similarity,0.23333333333333334,0.29
XYZ,extra,3,256,768,False,pearson,extra,similarity,0.26666666666666666,0.31666666666666665
XYZ,extra,3,256,768,False,emd,extra,distance,0.13333333333333333,0.17777777777777776
XYZ,extra,3,256,768,False,ks,extra,distance,0.2,0.20833333333333334
XYZ,extra,3,256,768,True,L1,theory,distance,0.26666666666666666,0.3194444444444444
XYZ,extra,3,256,768,True,L2,theory,distance,0.23333333333333334,0.27777777777777773
XYZ,extra,3,256,768,True,chi2,theory,distance,0.26666666666666666,0.3194444444444444
XYZ,extra,3,256,768,True,intersection,theory,similarity,0.26666666666666666,0.3194444444444444
XYZ,extra,3,256,768,True,hellinger,theory,similarity,0.26666666666666666,0.3194444444444444
XYZ,extra,3,256,768,True,chebyshev,extra,distance,0.2,0.22166666666666668
XYZ,extra,3,256,768,True,canberra,extra,distance,0.3333333333333333,0.3927777777777778
XYZ,extra,3,256,768,True,bhattacharyya,extra,distance,0.26666666666666666,0.3194444444444444
XYZ,extra,3,256,768,True,kl,extra,distance,0.2,0.24444444444444444
XYZ,extra,3,256,768,True,js,extra,distance,0.26666666666666666,0.3194444444444444
XYZ,extra,3,256,768,True,cosine,extra,similarity,0.23333333333333334,0.29
XYZ,extra,3,256,768,True,pearson,extra,similarity,0.26666666666666666,0.31666666666666665
XYZ,extra,3,256,768,True,emd,extra,distance,0.26666666666666666,0.30944444444444447
XYZ,extra,3,256,768,True,ks,extra,distance,0.2,0.24833333333333335
CIELuv,extra,3,8,24,False,L1,theory,distance,0.3,0.36111111111111105
CIELuv,extra,3,8,24,False,L2,theory,distance,0.3,0.3416666666666667
CIELuv,extra,3,8,24,False,chi2,theory,distance,0.3333333333333333,0.39166666666666666
CIELuv,extra,3,8,24,False,intersection,theory,similarity,0.3,0.36388888888888893
CIELuv,extra,3,8,24,False,hellinger,theory,similarity,0.1,0.13333333333333333
CIELuv,extra,3,8,24,False,chebyshev,extra,distance,0.3,0.3277777777777778
CIELuv,extra,3,8,24,False,canberra,extra,distance,0.43333333333333335,0.49277777777777776
CIELuv,extra,3,8,24,False,bhattacharyya,extra,distance,0.1,0.13333333333333333
CIELuv,extra,3,8,24,False,kl,extra,distance,0.13333333333333333,0.18333333333333332
CIELuv,extra,3,8,24,False,js,extra,distance,0.3333333333333333,0.39166666666666666
CIELuv,extra,3,8,24,False,cosine,extra,similarity,0.43333333333333335,0.44666666666666666
CIELuv,extra,3,8,24,False,pearson,extra,similarity,0.43333333333333335,0.43333333333333335
CIELuv,extra,3,8,24,False,emd,extra,distance,0.13333333333333333,0.19166666666666668
CIELuv,extra,3,8,24,False,ks,extra,distance,0.2,0.22333333333333333
CIELuv,extra,3,8,24,True,L1,theory,distance,0.4666666666666667,0.5111111111111111
CIELuv,extra,3,8,24,True,L2,theory,distance,0.4,0.4483333333333333
CIELuv,extra,3,8,24,True,chi2,theory,distance,0.43333333333333335,0.4872222222222222
CIELuv,extra,3,8,24,True,intersection,theory,similarity,0.4666666666666667,0.5111111111111111
CIELuv,extra,3,8,24,True,hellinger,theory,similarity,0.43333333333333335,0.49277777777777776
CIELuv,extra,3,8,24,True,chebyshev,extra,distance,0.36666666666666664,0.38999999999999996
CIELuv,extra,3,8,24,True,canberra,extra,distance,0.4666666666666667,0.5222222222222223
CIELuv,extra,3,8,24,True,bhattacharyya,extra,distance,0.43333333333333335,0.49277777777777776
CIELuv,extra,3,8,24,True,kl,extra,distance,0.43333333333333335,0.4872222222222222
CIELuv,extra,3,8,24,True,js,extra,distance,0.43333333333333335,0.49444444444444446
CIELuv,extra,3,8,24,True,cosine,extra,similarity,0.43333333333333335,0.44666666666666666
CIELuv,extra,3,8,24,True,pearson,extra,similarity,0.43333333333333335,0.43333333333333335
CIELuv,extra,3,8,24,True,emd,extra,distance,0.4,0.46611111111111114
CIELuv,extra,3,8,24,True,ks,extra,distance,0.26666666666666666,0.29555555555555557
CIELuv,extra,3,16,48,False,L1,theory,distance,0.3,0.36944444444444446
CIELuv,extra,3,16,48,False,L2,theory,distance,0.3,0.34444444444444444
CIELuv,extra,3,16,48,False,chi2,theory,distance,0.3333333333333333,0.3944444444444445
CIELuv,extra,3,16,48,False,intersection,theory,similarity,0.3333333333333333,0.39444444444444443
CIELuv,extra,3,16,48,False,hellinger,theory,similarity,0.16666666666666666,0.19444444444444445
CIELuv,extra,3,16,48,False,chebyshev,extra,distance,0.23333333333333334,0.30833333333333335
CIELuv,extra,3,16,48,False,canberra,extra,distance,0.4666666666666667,0.5399999999999999
CIELuv,extra,3,16,48,False,bhattacharyya,extra,distance,0.16666666666666666,0.19444444444444445
CIELuv,extra,3,16,48,False,kl,extra,distance,0.16666666666666666,0.2222222222222222
CIELuv,extra,3,16,48,False,js,extra,distance,0.3333333333333333,0.3983333333333333
CIELuv,extra,3,16,48,False,cosine,extra,similarity,0.3333333333333333,0.4222222222222223
CIELuv,extra,3,16,48,False,pearson,extra,similarity,0.3333333333333333,0.425
CIELuv,extra,3,16,48,False,emd,extra,distance,0.13333333333333333,0.19444444444444445
CIELuv,extra,3,16,48,False,ks,extra,distance,0.2,0.21666666666666667
CIELuv,extra,3,16,48,True,L1,theory,distance,0.36666666666666664,0.4677777777777778
CIELuv,extra,3,16,48,True,L2,theory,distance,0.3333333333333333,0.41944444444444445
CIELuv,extra,3,16,48,True,chi2,theory,distance,0.4,0.47222222222222227
CIELuv,extra,3,16,48,True,intersection,theory,similarity,0.36666666666666664,0.4677777777777778
CIELuv,extra,3,16,48,True,hellinger,theory,similarity,0.4,0.478888888888889
CIELuv,extra,3,16,48,True,chebyshev,extra,distance,0.26666666666666666,0.33888888888888885
CIELuv,extra,3,16,48,True,canberra,extra,distance,0.5,0.5722222222222223
CIELuv,extra,3,16,48,True,bhattacharyya,extra,distance,0.4,0.478888888888889
CIELuv,extra,3,16,48,True,kl,extra,distance,0.36666666666666664,0.45
CIELuv,extra,3,16,48,True,js,extra,distance,0.4,0.46944444444444444
CIELuv,extra,3,16,48,True,cosine,extra,similarity,0.3333333333333333,0.4222222222222223
CIELuv,extra,3,16,48,True,pearson,extra,similarity,0.3333333333333333,0.425
CIELuv,extra,3,16,48,True,emd,extra,distance,0.4,0.46777777777777785
CIELuv,extra,3,16,48,True,ks,extra,distance,0.23333333333333334,0.29555555555555557
CIELuv,extra,3,32,96,False,L1,theory,distance,0.36666666666666664,0.3944444444444445
CIELuv,extra,3,32,96,False,L2,theory,distance,0.3,0.3444444444444444
CIELuv,extra,3,32,96,False,chi2,theory,distance,0.36666666666666664,0.44
CIELuv,extra,3,32,96,False,intersection,theory,similarity,0.4,0.43333333333333335
CIELuv,extra,3,32,96,False,hellinger,theory,similarity,0.16666666666666666,0.225
CIELuv,extra,3,32,96,False,chebyshev,extra,distance,0.23333333333333334,0.2833333333333333
CIELuv,extra,3,32,96,False,canberra,extra,distance,0.5333333333333333,0.5722222222222223
CIELuv,extra,3,32,96,False,bhattacharyya,extra,distance,0.16666666666666666,0.225
CIELuv,extra,3,32,96,False,kl,extra,distance,0.23333333333333334,0.3194444444444445
CIELuv,extra,3,32,96,False,js,extra,distance,0.36666666666666664,0.4455555555555556
CIELuv,extra,3,32,96,False,cosine,extra,similarity,0.4666666666666667,0.49
CIELuv,extra,3,32,96,False,pearson,extra,similarity,0.4666666666666667,0.49
CIELuv,extra,3,32,96,False,emd,extra,distance,0.16666666666666666,0.21777777777777776
CIELuv,extra,3,32,96,False,ks,extra,distance,0.16666666666666666,0.2027777777777778
CIELuv,extra,3,32,96,True,L1,theory,distance,0.4666666666666667,0.5361111111111111
CIELuv,extra,3,32,96,True,L2,theory,distance,0.5,0.5133333333333333
CIELuv,extra,3,32,96,True,chi2,theory,distance,0.4666666666666667,0.5083333333333333
CIELuv,extra,3,32,96,True,intersection,theory,similarity,0.4666666666666667,0.5361111111111111
CIELuv,extra,3,32,96,True,hellinger,theory,similarity,0.4666666666666667,0.5011111111111111
CIELuv,extra,3,32,96,True,chebyshev,extra,distance,0.3,0.3494444444444445
CIELuv,extra,3,32,96,True,canberra,extra,distance,0.6,0.6416666666666667
CIELuv,extra,3,32,96,True,bhattacharyya,extra,distance,0.4666666666666667,0.5011111111111111
CIELuv,extra,3,32,96,True,kl,extra,distance,0.43333333333333335,0.515
CIELuv,extra,3,32,96,True,js,extra,distance,0.43333333333333335,0.48611111111111105
CIELuv,extra,3,32,96,True,cosine,extra,similarity,0.4666666666666667,0.49
CIELuv,extra,3,32,96,True,pearson,extra,similarity,0.4666666666666667,0.49
CIELuv,extra,3,32,96,True,emd,extra,distance,0.4666666666666667,0.5038888888888889
CIELuv,extra,3,32,96,True,ks,extra,distance,0.2,0.2788888888888889
CIELuv,extra,3,64,192,False,L1,theory,distance,0.36666666666666664,0.4011111111111111
CIELuv,extra,3,64,192,False,L2,theory,distance,0.23333333333333334,0.315
CIELuv,extra,3,64,192,False,chi2,theory,distance,0.36666666666666664,0.4066666666666666
CIELuv,extra,3,64,192,False,intersection,theory,similarity,0.3333333333333333,0.41500000000000004
CIELuv,extra,3,64,192,False,hellinger,theory,similarity,0.16666666666666666,0.2261111111111111
CIELuv,extra,3,64,192,False,chebyshev,extra,distance,0.23333333333333334,0.265
CIELuv,extra,3,64,192,False,canberra,extra,distance,0.5333333333333333,0.5666666666666667
CIELuv,extra,3,64,192,False,bhattacharyya,extra,distance,0.16666666666666666,0.2261111111111111
CIELuv,extra,3,64,192,False,kl,extra,distance,0.2,0.3
CIELuv,extra,3,64,192,False,js,extra,distance,0.36666666666666664,0.4261111111111111
CIELuv,extra,3,64,192,False,cosine,extra,similarity,0.3,0.3383333333333333
CIELuv,extra,3,64,192,False,pearson,extra,similarity,0.3,0.33166666666666667
CIELuv,extra,3,64,192,False,emd,extra,distance,0.16666666666666666,0.21777777777777776
CIELuv,extra,3,64,192,False,ks,extra,distance,0.16666666666666666,0.19444444444444448
CIELuv,extra,3,64,192,True,L1,theory,distance,0.4666666666666667,0.5455555555555556
CIELuv,extra,3,64,192,True,L2,theory,distance,0.3,0.35944444444444446
CIELuv,extra,3,64,192,True,chi2,theory,distance,0.43333333333333335,0.48444444444444446
CIELuv,extra,3,64,192,True,intersection,theory,similarity,0.4666666666666667,0.5455555555555556
CIELuv,extra,3,64,192,True,hellinger,theory,similarity,0.36666666666666664,0.43833333333333335
CIELuv,extra,3,64,192,True,chebyshev,extra,distance,0.23333333333333334,0.2944444444444444
CIELuv,extra,3,64,192,True,canberra,extra,distance,0.5666666666666667,0.6111111111111112
CIELuv,extra,3,64,192,True,bhattacharyya,extra,distance,0.36666666666666664,0.43833333333333335
CIELuv,extra,3,64,192,True,kl,extra,distance,0.4666666666666667,0.5388888888888889
CIELuv,extra,3,64,192,True,js,extra,distance,0.43333333333333335,0.47333333333333333
CIELuv,extra,3,64,192,True,cosine,extra,similarity,0.3,0.3383333333333333
CIELuv,extra,3,64,192,True,pearson,extra,similarity,0.3,0.33166666666666667
CIELuv,extra,3,64,192,True,emd,extra,distance,0.43333333333333335,0.48944444444444446
CIELuv,extra,3,64,192,True,ks,extra,distance,0.16666666666666666,0.24000000000000002
CIELuv,extra,3,128,384,False,L1,theory,distance,0.3333333333333333,0.3622222222222222
CIELuv,extra,3,128,384,False,L2,theory,distance,0.26666666666666666,0.29444444444444445
CIELuv,extra,3,128,384,False,chi2,theory,distance,0.3333333333333333,0.38833333333333336
CIELuv,extra,3,128,384,False,intersection,theory,similarity,0.4,0.44
CIELuv,extra,3,128,384,False,hellinger,theory,similarity,0.16666666666666666,0.22166666666666668
CIELuv,extra,3,128,384,False,chebyshev,extra,distance,0.2,0.21666666666666667
CIELuv,extra,3,128,384,False,canberra,extra,distance,0.5,0.5472222222222222
CIELuv,extra,3,128,384,False,bhattacharyya,extra,distance,0.16666666666666666,0.22166666666666668
CIELuv,extra,3,128,384,False,kl,extra,distance,0.26666666666666666,0.3555555555555555
CIELuv,extra,3,128,384,False,js,extra,distance,0.3333333333333333,0.38166666666666665
CIELuv,extra,3,128,384,False,cosine,extra,similarity,0.3,0.325
CIELuv,extra,3,128,384,False,pearson,extra,similarity,0.3,0.325
CIELuv,extra,3,128,384,False,emd,extra,distance,0.16666666666666666,0.21944444444444444
CIELuv,extra,3,128,384,False,ks,extra,distance,0.16666666666666666,0.19444444444444448
CIELuv,extra,3,128,384,True,L1,theory,distance,0.36666666666666664,0.47611111111111115
CIELuv,extra,3,128,384,True,L2,theory,distance,0.26666666666666666,0.30833333333333335
CIELuv,extra,3,128,384,True,chi2,theory,distance,0.4,0.4444444444444445
CIELuv,extra,3,128,384,True,intersection,theory,similarity,0.36666666666666664,0.47611111111111115
CIELuv,extra,3,128,384,True,hellinger,theory,similarity,0.4,0.4455555555555556
CIELuv,extra,3,128,384,True,chebyshev,extra,distance,0.16666666666666666,0.21777777777777776
CIELuv,extra,3,128,384,True,canberra,extra,distance,0.5,0.5777777777777777
CIELuv,extra,3,128,384,True,bhattacharyya,extra,distance,0.4,0.4455555555555556
CIELuv,extra,3,128,384,True,kl,extra,distance,0.36666666666666664,0.4538888888888889
CIELuv,extra,3,128,384,True,js,extra,distance,0.4,0.43888888888888894
CIELuv,extra,3,128,384,True,cosine,extra,similarity,0.3,0.325
CIELuv,extra,3,128,384,True,pearson,extra,similarity,0.3,0.325
CIELuv,extra,3,128,384,True,emd,extra,distance,0.43333333333333335,0.4827777777777778
CIELuv,extra,3,128,384,True,ks,extra,distance,0.16666666666666666,0.2288888888888889
CIELuv,extra,3,256,768,False,L1,theory,distance,0.3333333333333333,0.3722222222222222
CIELuv,extra,3,256,768,False,L2,theory,distance,0.23333333333333334,0.26222222222222225
CIELuv,extra,3,256,768,False,chi2,theory,distance,0.3333333333333333,0.38999999999999996
CIELuv,extra,3,256,768,False,intersection,theory,similarity,0.36666666666666664,0.3983333333333333
CIELuv,extra,3,256,768,False,hellinger,theory,similarity,0.16666666666666666,0.2261111111111111
CIELuv,extra,3,256,768,False,chebyshev,extra,distance,0.16666666666666666,0.20666666666666667
CIELuv,extra,3,256,768,False,canberra,extra,distance,0.5,0.5444444444444445
CIELuv,extra,3,256,768,False,bhattacharyya,extra,distance,0.16666666666666666,0.2261111111111111
CIELuv,extra,3,256,768,False,kl,extra,distance,0.26666666666666666,0.33888888888888885
CIELuv,extra,3,256,768,False,js,extra,distance,0.3333333333333333,0.4011111111111111
CIELuv,extra,3,256,768,False,cosine,extra,similarity,0.26666666666666666,0.3
CIELuv,extra,3,256,768,False,pearson,extra,similarity,0.26666666666666666,0.3
CIELuv,extra,3,256,768,False,emd,extra,distance,0.16666666666666666,0.21944444444444444
CIELuv,extra,3,256,768,False,ks,extra,distance,0.16666666666666666,0.19444444444444448
CIELuv,extra,3,256,768,True,L1,theory,distance,0.4,0.475
CIELuv,extra,3,256,768,True,L2,theory,distance,0.23333333333333334,0.2833333333333333
CIELuv,extra,3,256,768,True,chi2,theory,distance,0.36666666666666664,0.4177777777777777
CIELuv,extra,3,256,768,True,intersection,theory,similarity,0.4,0.475
CIELuv,extra,3,256,768,True,hellinger,theory,similarity,0.36666666666666664,0.4038888888888889
CIELuv,extra,3,256,768,True,chebyshev,extra,distance,0.26666666666666666,0.26666666666666666
CIELuv,extra,3,256,768,True,canberra,extra,distance,0.5333333333333333,0.5944444444444444
CIELuv,extra,3,256,768,True,bhattacharyya,extra,distance,0.36666666666666664,0.4038888888888889
CIELuv,extra,3,256,768,True,kl,extra,distance,0.3333333333333333,0.41777777777777775
CIELuv,extra,3,256,768,True,js,extra,distance,0.36666666666666664,0.415
CIELuv,extra,3,256,768,True,cosine,extra,similarity,0.26666666666666666,0.3
CIELuv,extra,3,256,768,True,pearson,extra,similarity,0.26666666666666666,0.3
CIELuv,extra,3,256,768,True,emd,extra,distance,0.43333333333333335,0.48944444444444446
CIELuv,extra,3,256,768,True,ks,extra,distance,0.16666666666666666,0.2288888888888889
HSI,extra,3,8,24,False,L1,theory,distance,0.23333333333333334,0.3277777777777777
HSI,extra,3,8,24,False,L2,theory,distance,0.23333333333333334,0.27055555555555555
HSI,extra,3,8,24,False,chi2,theory,distance,0.3,0.3694444444444444
HSI,extra,3,8,24,False,intersection,theory,similarity,0.36666666666666664,0.4233333333333333
HSI,extra,3,8,24,False,hellinger,theory,similarity,0.13333333333333333,0.15
HSI,extra,3,8,24,False,chebyshev,extra,distance,0.23333333333333334,0.2611111111111111
HSI,extra,3,8,24,False,canberra,extra,distance,0.4,0.5205555555555555
HSI,extra,3,8,24,False,bhattacharyya,extra,distance,0.13333333333333333,0.15
HSI,extra,3,8,24,False,kl,extra,distance,0.2,0.23166666666666666
HSI,extra,3,8,24,False,js,extra,distance,0.3,0.3694444444444444
HSI,extra,3,8,24,False,cosine,extra,similarity,0.36666666666666664,0.40277777777777773
HSI,extra,3,8,24,False,pearson,extra,similarity,0.36666666666666664,0.39166666666666666
HSI,extra,3,8,24,False,emd,extra,distance,0.26666666666666666,0.2833333333333333
HSI,extra,3,8,24,False,ks,extra,distance,0.2,0.23888888888888893
HSI,extra,3,8,24,True,L1,theory,distance,0.5333333333333333,0.5844444444444444
HSI,extra,3,8,24,True,L2,theory,distance,0.36666666666666664,0.40277777777777773
HSI,extra,3,8,24,True,chi2,theory,distance,0.4,0.4888888888888889
HSI,extra,3,8,24,True,intersection,theory,similarity,0.5333333333333333,0.5844444444444444
HSI,extra,3,8,24,True,hellinger,theory,similarity,0.4,0.4805555555555555
HSI,extra,3,8,24,True,chebyshev,extra,distance,0.3,0.33444444444444443
HSI,extra,3,8,24,True,canberra,extra,distance,0.5,0.6083333333333333
HSI,extra,3,8,24,True,bhattacharyya,extra,distance,0.4,0.4805555555555555
HSI,extra,3,8,24,True,kl,extra,distance,0.4,0.4972222222222222
HSI,extra,3,8,24,True,js,extra,distance,0.4,0.4888888888888889
HSI,extra,3,8,24,True,cosine,extra,similarity,0.36666666666666664,0.40277777777777773
HSI,extra,3,8,24,True,pearson,extra,similarity,0.36666666666666664,0.39166666666666666
HSI,extra,3,8,24,True,emd,extra,distance,0.4,0.49277777777777776
HSI,extra,3,8,24,True,ks,extra,distance,0.23333333333333334,0.30833333333333335
HSI,extra,3,16,48,False,L1,theory,distance,0.3,0.37722222222222224
HSI,extra,3,16,48,False,L2,theory,distance,0.26666666666666666,0.29277777777777775
HSI,extra,3,16,48,False,chi2,theory,distance,0.36666666666666664,0.4255555555555555
HSI,extra,3,16,48,False,intersection,theory,similarity,0.36666666666666664,0.41333333333333333
HSI,extra,3,16,48,False,hellinger,theory,similarity,0.13333333333333333,0.1716666666666667
HSI,extra,3,16,48,False,chebyshev,extra,distance,0.23333333333333334,0.2611111111111111
HSI,extra,3,16,48,False,canberra,extra,distance,0.4666666666666667,0.59
HSI,extra,3,16,48,False,bhattacharyya,extra,distance,0.13333333333333333,0.1716666666666667
HSI,extra,3,16,48,False,kl,extra,distance,0.2,0.25333333333333335
HSI,extra,3,16,48,False,js,extra,distance,0.36666666666666664,0.4272222222222222
HSI,extra,3,16,48,False,cosine,extra,similarity,0.36666666666666664,0.4066666666666666
HSI,extra,3,16,48,False,pearson,extra,similarity,0.36666666666666664,0.3983333333333333
HSI,extra,3,16,48,False,emd,extra,distance,0.26666666666666666,0.29
HSI,extra,3,16,48,False,ks,extra,distance,0.16666666666666666,0.2111111111111111
HSI,extra,3,16,48,True,L1,theory,distance,0.5333333333333333,0.5816666666666667
HSI,extra,3,16,48,True,L2,theory,distance,0.3333333333333333,0.38611111111111107
HSI,extra,3,16,48,True,chi2,theory,distance,0.4666666666666667,0.565
HSI,extra,3,16,48,True,intersection,theory,similarity,0.5333333333333333,0.5816666666666667
HSI,extra,3,16,48,True,hellinger,theory,similarity,0.4666666666666667,0.5288888888888889
HSI,extra,3,16,48,True,chebyshev,extra,distance,0.26666666666666666,0.33055555555555555
HSI,extra,3,16,48,True,canberra,extra,distance,0.5,0.6177777777777778
HSI,extra,3,16,48,True,bhattacharyya,extra,distance,0.4666666666666667,0.5288888888888889
HSI,extra,3,16,48,True,kl,extra,distance,0.5,0.5622222222222223
HSI,extra,3,16,48,True,js,extra,distance,0.4666666666666667,0.5444444444444445
HSI,extra,3,16,48,True,cosine,extra,similarity,0.36666666666666664,0.4066666666666666
HSI,extra,3,16,48,True,pearson,extra,similarity,0.36666666666666664,0.3983333333333333
HSI,extra,3,16,48,True,emd,extra,distance,0.43333333333333335,0.5038888888888889
HSI,extra,3,16,48,True,ks,extra,distance,0.16666666666666666,0.2388888888888889
HSI,extra,3,32,96,False,L1,theory,distance,0.3333333333333333,0.3761111111111111
HSI,extra,3,32,96,False,L2,theory,distance,0.26666666666666666,0.3222222222222222
HSI,extra,3,32,96,False,chi2,theory,distance,0.36666666666666664,0.4077777777777778
HSI,extra,3,32,96,False,intersection,theory,similarity,0.3333333333333333,0.4411111111111111
HSI,extra,3,32,96,False,hellinger,theory,similarity,0.13333333333333333,0.1722222222222222
HSI,extra,3,32,96,False,chebyshev,extra,distance,0.2,0.2361111111111111
HSI,extra,3,32,96,False,canberra,extra,distance,0.5,0.59
HSI,extra,3,32,96,False,bhattacharyya,extra,distance,0.13333333333333333,0.1722222222222222
HSI,extra,3,32,96,False,kl,extra,distance,0.26666666666666666,0.30944444444444447
HSI,extra,3,32,96,False,js,extra,distance,0.36666666666666664,0.4066666666666666
HSI,extra,3,32,96,False,cosine,extra,similarity,0.4,0.43333333333333335
HSI,extra,3,32,96,False,pearson,extra,similarity,0.4,0.4261111111111111
HSI,extra,3,32,96,False,emd,extra,distance,0.23333333333333334,0.2733333333333333
HSI,extra,3,32,96,False,ks,extra,distance,0.2,0.2261111111111111
HSI,extra,3,32,96,True,L1,theory,distance,0.4666666666666667,0.5055555555555555
HSI,extra,3,32,96,True,L2,theory,distance,0.3333333333333333,0.4
HSI,extra,3,32,96,True,chi2,theory,distance,0.4666666666666667,0.4911111111111111
HSI,extra,3,32,96,True,intersection,theory,similarity,0.4666666666666667,0.5055555555555555
HSI,extra,3,32,96,True,hellinger,theory,similarity,0.43333333333333335,0.48444444444444446
HSI,extra,3,32,96,True,chebyshev,extra,distance,0.36666666666666664,0.3844444444444445
HSI,extra,3,32,96,True,canberra,extra,distance,0.5,0.5844444444444445
HSI,extra,3,32,96,True,bhattacharyya,extra,distance,0.43333333333333335,0.48444444444444446
HSI,extra,3,32,96,True,kl,extra,distance,0.5333333333333333,0.55
HSI,extra,3,32,96,True,js,extra,distance,0.43333333333333335,0.4744444444444444
HSI,extra,3,32,96,True,cosine,extra,similarity,0.4,0.43333333333333335
HSI,extra,3,32,96,True,pearson,extra,similarity,0.4,0.4261111111111111
HSI,extra,3,32,96,True,emd,extra,distance,0.43333333333333335,0.5038888888888889
HSI,extra,3,32,96,True,ks,extra,distance,0.2,0.25555555555555554
HSI,extra,3,64,192,False,L1,theory,distance,0.3,0.35500000000000004
HSI,extra,3,64,192,False,L2,theory,distance,0.26666666666666666,0.3244444444444445
HSI,extra,3,64,192,False,chi2,theory,distance,0.36666666666666664,0.39111111111111113
HSI,extra,3,64,192,False,intersection,theory,similarity,0.4,0.4666666666666667
HSI,extra,3,64,192,False,hellinger,theory,similarity,0.16666666666666666,0.19444444444444445
HSI,extra,3,64,192,False,chebyshev,extra,distance,0.13333333333333333,0.1722222222222222
HSI,extra,3,64,192,False,canberra,extra,distance,0.5,0.5816666666666667
HSI,extra,3,64,192,False,bhattacharyya,extra,distance,0.16666666666666666,0.19444444444444445
HSI,extra,3,64,192,False,kl,extra,distance,0.23333333333333334,0.31777777777777777
HSI,extra,3,64,192,False,js,extra,distance,0.36666666666666664,0.4022222222222222
HSI,extra,3,64,192,False,cosine,extra,similarity,0.36666666666666664,0.3777777777777777
HSI,extra,3,64,192,False,pearson,extra,similarity,0.36666666666666664,0.38999999999999996
HSI,extra,3,64,192,False,emd,extra,distance,0.26666666666666666,0.29
HSI,extra,3,64,192,False,ks,extra,distance,0.2,0.2361111111111111
HSI,extra,3,64,192,True,L1,theory,distance,0.4,0.49388888888888893
HSI,extra,3,64,192,True,L2,theory,distance,0.36666666666666664,0.4083333333333333
HSI,extra,3,64,192,True,chi2,theory,distance,0.4,0.4494444444444445
HSI,extra,3,64,192,True,intersection,theory,similarity,0.4,0.49388888888888893
HSI,extra,3,64,192,True,hellinger,theory,similarity,0.4,0.42999999999999994
HSI,extra,3,64,192,True,chebyshev,extra,distance,0.1,0.1944444444444444
HSI,extra,3,64,192,True,canberra,extra,distance,0.5333333333333333,0.6027777777777779
HSI,extra,3,64,192,True,bhattacharyya,extra,distance,0.4,0.42999999999999994
HSI,extra,3,64,192,True,kl,extra,distance,0.36666666666666664,0.45111111111111113
HSI,extra,3,64,192,True,js,extra,distance,0.4,0.43444444444444447
HSI,extra,3,64,192,True,cosine,extra,similarity,0.36666666666666664,0.3777777777777777
HSI,extra,3,64,192,True,pearson,extra,similarity,0.36666666666666664,0.38999999999999996
HSI,extra,3,64,192,True,emd,extra,distance,0.43333333333333335,0.5105555555555557
HSI,extra,3,64,192,True,ks,extra,distance,0.2,0.25555555555555554
HSI,extra,3,128,384,False,L1,theory,distance,0.3333333333333333,0.365
HSI,extra,3,128,384,False,L2,theory,distance,0.2,0.2638888888888889
HSI,extra,3,128,384,False,chi2,theory,distance,0.36666666666666664,0.38833333333333336
HSI,extra,3,128,384,False,intersection,theory,similarity,0.43333333333333335,0.4761111111111111
HSI,extra,3,128,384,False,hellinger,theory,similarity,0.16666666666666666,0.20277777777777778
HSI,extra,3,128,384,False,chebyshev,extra,distance,0.1,0.13277777777777777
HSI,extra,3,128,384,False,canberra,extra,distance,0.43333333333333335,0.5472222222222223
HSI,extra,3,128,384,False,bhattacharyya,extra,distance,0.16666666666666666,0.20277777777777778
HSI,extra,3,128,384,False,kl,extra,distance,0.26666666666666666,0.34555555555555556
HSI,extra,3,128,384,False,js,extra,distance,0.36666666666666664,0.3977777777777778
HSI,extra,3,128,384,False,cosine,extra,similarity,0.3,0.35666666666666663
HSI,extra,3,128,384,False,pearson,extra,similarity,0.3,0.3522222222222222
HSI,extra,3,128,384,False,emd,extra,distance,0.26666666666666666,0.29
HSI,extra,3,128,384,False,ks,extra,distance,0.16666666666666666,0.21388888888888888
HSI,extra,3,128,384,True,L1,theory,distance,0.4,0.46888888888888886
HSI,extra,3,128,384,True,L2,theory,distance,0.26666666666666666,0.33722222222222226
HSI,extra,3,128,384,True,chi2,theory,distance,0.4,0.4411111111111111
HSI,extra,3,128,384,True,intersection,theory,similarity,0.4,0.46888888888888886
HSI,extra,3,128,384,True,hellinger,theory,similarity,0.43333333333333335,0.44
HSI,extra,3,128,384,True,chebyshev,extra,distance,0.1,0.16777777777777778
HSI,extra,3,128,384,True,canberra,extra,distance,0.43333333333333335,0.5555555555555556
HSI,extra,3,128,384,True,bhattacharyya,extra,distance,0.43333333333333335,0.44
HSI,extra,3,128,384,True,kl,extra,distance,0.4,0.4666666666666667
HSI,extra,3,128,384,True,js,extra,distance,0.4,0.4233333333333333
HSI,extra,3,128,384,True,cosine,extra,similarity,0.3,0.35666666666666663
HSI,extra,3,128,384,True,pearson,extra,similarity,0.3,0.3522222222222222
HSI,extra,3,128,384,True,emd,extra,distance,0.43333333333333335,0.5122222222222222
HSI,extra,3,128,384,True,ks,extra,distance,0.2,0.25555555555555554
HSI,extra,3,256,768,False,L1,theory,distance,0.3,0.34833333333333333
HSI,extra,3,256,768,False,L2,theory,distance,0.16666666666666666,0.22777777777777777
HSI,extra,3,256,768,False,chi2,theory,distance,0.36666666666666664,0.38166666666666665
HSI,extra,3,256,768,False,intersection,theory,similarity,0.4,0.46055555555555555
HSI,extra,3,256,768,False,hellinger,theory,similarity,0.16666666666666666,0.20833333333333334
HSI,extra,3,256,768,False,chebyshev,extra,distance,0.1,0.11777777777777779
HSI,extra,3,256,768,False,canberra,extra,distance,0.4,0.5333333333333333
HSI,extra,3,256,768,False,bhattacharyya,extra,distance,0.16666666666666666,0.20833333333333334
HSI,extra,3,256,768,False,kl,extra,distance,0.26666666666666666,0.3511111111111111
HSI,extra,3,256,768,False,js,extra,distance,0.36666666666666664,0.3927777777777778
HSI,extra,3,256,768,False,cosine,extra,similarity,0.26666666666666666,0.33
HSI,extra,3,256,768,False,pearson,extra,similarity,0.26666666666666666,0.3111111111111111
HSI,extra,3,256,768,False,emd,extra,distance,0.26666666666666666,0.29
HSI,extra,3,256,768,False,ks,extra,distance,0.16666666666666666,0.21388888888888888
HSI,extra,3,256,768,True,L1,theory,distance,0.4,0.4494444444444445
HSI,extra,3,256,768,True,L2,theory,distance,0.16666666666666666,0.27777777777777773
HSI,extra,3,256,768,True,chi2,theory,distance,0.4,0.4233333333333333
HSI,extra,3,256,768,True,intersection,theory,similarity,0.4,0.4494444444444445
HSI,extra,3,256,768,True,hellinger,theory,similarity,0.43333333333333335,0.44
HSI,extra,3,256,768,True,chebyshev,extra,distance,0.16666666666666666,0.19722222222222222
HSI,extra,3,256,768,True,canberra,extra,distance,0.43333333333333335,0.5694444444444445
HSI,extra,3,256,768,True,bhattacharyya,extra,distance,0.43333333333333335,0.44
HSI,extra,3,256,768,True,kl,extra,distance,0.4,0.4633333333333333
HSI,extra,3,256,768,True,js,extra,distance,0.43333333333333335,0.44
HSI,extra,3,256,768,True,cosine,extra,similarity,0.26666666666666666,0.33
HSI,extra,3,256,768,True,pearson,extra,similarity,0.26666666666666666,0.3111111111111111
HSI,extra,3,256,768,True,emd,extra,distance,0.43333333333333335,0.5122222222222222
HSI,extra,3,256,768,True,ks,extra,distance,0.2,0.25555555555555554
NormRGB,extra,3,8,24,False,L1,theory,distance,0.2,0.2511111111111111
NormRGB,extra,3,8,24,False,L2,theory,distance,0.2,0.24999999999999997
NormRGB,extra,3,8,24,False,chi2,theory,distance,0.23333333333333334,0.29111111111111115
NormRGB,extra,3,8,24,False,intersection,theory,similarity,0.1,0.18388888888888888
NormRGB,extra,3,8,24,False,hellinger,theory,similarity,0.03333333333333333,0.08333333333333333
NormRGB,extra,3,8,24,False,chebyshev,extra,distance,0.2,0.2427777777777778
NormRGB,extra,3,8,24,False,canberra,extra,distance,0.23333333333333334,0.2511111111111111
NormRGB,extra,3,8,24,False,bhattacharyya,extra,distance,0.03333333333333333,0.08333333333333333
NormRGB,extra,3,8,24,False,kl,extra,distance,0.03333333333333333,0.10500000000000001
NormRGB,extra,3,8,24,False,js,extra,distance,0.23333333333333334,0.2972222222222222
NormRGB,extra,3,8,24,False,cosine,extra,similarity,0.36666666666666664,0.40944444444444444
NormRGB,extra,3,8,24,False,pearson,extra,similarity,0.36666666666666664,0.4038888888888889
NormRGB,extra,3,8,24,False,emd,extra,distance,0.06666666666666667,0.09666666666666666
NormRGB,extra,3,8,24,False,ks,extra,distance,0.13333333333333333,0.19444444444444445
NormRGB,extra,3,8,24,True,L1,theory,distance,0.4,0.4538888888888889
NormRGB,extra,3,8,24,True,L2,theory,distance,0.36666666666666664,0.415
NormRGB,extra,3,8,24,True,chi2,theory,distance,0.36666666666666664,0.4222222222222222
NormRGB,extra,3,8,24,True,intersection,theory,similarity,0.4,0.4538888888888889
NormRGB,extra,3,8,24,True,hellinger,theory,similarity,0.36666666666666664,0.42777777777777776
NormRGB,extra,3,8,24,True,chebyshev,extra,distance,0.23333333333333334,0.32944444444444443
NormRGB,extra,3,8,24,True,canberra,extra,distance,0.23333333333333334,0.27055555555555555
NormRGB,extra,3,8,24,True,bhattacharyya,extra,distance,0.36666666666666664,0.42777777777777776
NormRGB,extra,3,8,24,True,kl,extra,distance,0.3,0.35944444444444446
NormRGB,extra,3,8,24,True,js,extra,distance,0.3333333333333333,0.4111111111111111
NormRGB,extra,3,8,24,True,cosine,extra,similarity,0.36666666666666664,0.40944444444444444
NormRGB,extra,3,8,24,True,pearson,extra,similarity,0.36666666666666664,0.4038888888888889
NormRGB,extra,3,8,24,True,emd,extra,distance,0.26666666666666666,0.33888888888888885
NormRGB,extra,3,8,24,True,ks,extra,distance,0.23333333333333334,0.315
NormRGB,extra,3,16,48,False,L1,theory,distance,0.3,0.30833333333333335
NormRGB,extra,3,16,48,False,L2,theory,distance,0.2,0.25555555555555554
NormRGB,extra,3,16,48,False,chi2,theory,distance,0.23333333333333334,0.3233333333333333
NormRGB,extra,3,16,48,False,intersection,theory,similarity,0.23333333333333334,0.34833333333333333
NormRGB,extra,3,16,48,False,hellinger,theory,similarity,0.06666666666666667,0.1111111111111111
NormRGB,extra,3,16,48,False,chebyshev,extra,distance,0.16666666666666666,0.21666666666666667
NormRGB,extra,3,16,48,False,canberra,extra,distance,0.23333333333333334,0.2677777777777778
NormRGB,extra,3,16,48,False,bhattacharyya,extra,distance,0.06666666666666667,0.1111111111111111
NormRGB,extra,3,16,48,False,kl,extra,distance,0.13333333333333333,0.1761111111111111
NormRGB,extra,3,16,48,False,js,extra,distance,0.3,0.365
NormRGB,extra,3,16,48,False,cosine,extra,similarity,0.3,0.38055555555555554
NormRGB,extra,3,16,48,False,pearson,extra,similarity,0.3,0.38055555555555554
NormRGB,extra,3,16,48,False,emd,extra,distance,0.06666666666666667,0.10666666666666667
NormRGB,extra,3,16,48,False,ks,extra,distance,0.2,0.225
NormRGB,extra,3,16,48,True,L1,theory,distance,0.4666666666666667,0.5
NormRGB,extra,3,16,48,True,L2,theory,distance,0.36666666666666664,0.4272222222222223
NormRGB,extra,3,16,48,True,chi2,theory,distance,0.4,0.4755555555555555
NormRGB,extra,3,16,48,True,intersection,theory,similarity,0.4666666666666667,0.5
NormRGB,extra,3,16,48,True,hellinger,theory,similarity,0.4,0.46666666666666673
NormRGB,extra,3,16,48,True,chebyshev,extra,distance,0.3333333333333333,0.3805555555555556
NormRGB,extra,3,16,48,True,canberra,extra,distance,0.23333333333333334,0.2677777777777778
NormRGB,extra,3,16,48,True,bhattacharyya,extra,distance,0.4,0.46666666666666673
NormRGB,extra,3,16,48,True,kl,extra,distance,0.3,0.4138888888888889
NormRGB,extra,3,16,48,True,js,extra,distance,0.4,0.465
NormRGB,extra,3,16,48,True,cosine,extra,similarity,0.3,0.38055555555555554
NormRGB,extra,3,16,48,True,pearson,extra,similarity,0.3,0.38055555555555554
NormRGB,extra,3,16,48,True,emd,extra,distance,0.36666666666666664,0.3966666666666666
NormRGB,extra,3,16,48,True,ks,extra,distance,0.26666666666666666,0.32
NormRGB,extra,3,32,96,False,L1,theory,distance,0.23333333333333334,0.3033333333333334
NormRGB,extra,3,32,96,False,L2,theory,distance,0.2,0.24944444444444444
NormRGB,extra,3,32,96,False,chi2,theory,distance,0.26666666666666666,0.36666666666666664
NormRGB,extra,3,32,96,False,intersection,theory,similarity,0.3333333333333333,0.3772222222222223
NormRGB,extra,3,32,96,False,hellinger,theory,similarity,0.1,0.1472222222222222
NormRGB,extra,3,32,96,False,chebyshev,extra,distance,0.2,0.20666666666666667
NormRGB,extra,3,32,96,False,canberra,extra,distance,0.23333333333333334,0.2833333333333333
NormRGB,extra,3,32,96,False,bhattacharyya,extra,distance,0.1,0.1472222222222222
NormRGB,extra,3,32,96,False,kl,extra,distance,0.13333333333333333,0.2288888888888889
NormRGB,extra,3,32,96,False,js,extra,distance,0.26666666666666666,0.3844444444444444
NormRGB,extra,3,32,96,False,cosine,extra,similarity,0.3333333333333333,0.4066666666666666
NormRGB,extra,3,32,96,False,pearson,extra,similarity,0.3333333333333333,0.3983333333333333
NormRGB,extra,3,32,96,False,emd,extra,distance,0.06666666666666667,0.115
NormRGB,extra,3,32,96,False,ks,extra,distance,0.13333333333333333,0.17444444444444446
NormRGB,extra,3,32,96,True,L1,theory,distance,0.43333333333333335,0.5283333333333333
NormRGB,extra,3,32,96,True,L2,theory,distance,0.36666666666666664,0.4272222222222223
NormRGB,extra,3,32,96,True,chi2,theory,distance,0.43333333333333335,0.5316666666666666
NormRGB,extra,3,32,96,True,intersection,theory,similarity,0.43333333333333335,0.5283333333333333
NormRGB,extra,3,32,96,True,hellinger,theory,similarity,0.43333333333333335,0.5327777777777778
NormRGB,extra,3,32,96,True,chebyshev,extra,distance,0.23333333333333334,0.32333333333333336
NormRGB,extra,3,32,96,True,canberra,extra,distance,0.26666666666666666,0.3011111111111111
NormRGB,extra,3,32,96,True,bhattacharyya,extra,distance,0.43333333333333335,0.5327777777777778
NormRGB,extra,3,32,96,True,kl,extra,distance,0.4,0.48000000000000004
NormRGB,extra,3,32,96,True,js,extra,distance,0.4666666666666667,0.5549999999999999
NormRGB,extra,3,32,96,True,cosine,extra,similarity,0.3333333333333333,0.4066666666666666
NormRGB,extra,3,32,96,True,pearson,extra,similarity,0.3333333333333333,0.3983333333333333
NormRGB,extra,3,32,96,True,emd,extra,distance,0.43333333333333335,0.4866666666666667
NormRGB,extra,3,32,96,True,ks,extra,distance,0.26666666666666666,0.33
NormRGB,extra,3,64,192,False,L1,theory,distance,0.23333333333333334,0.31333333333333335
NormRGB,extra,3,64,192,False,L2,theory,distance,0.2,0.24555555555555558
NormRGB,extra,3,64,192,False,chi2,theory,distance,0.3,0.37333333333333335
NormRGB,extra,3,64,192,False,intersection,theory,similarity,0.23333333333333334,0.3494444444444445
NormRGB,extra,3,64,192,False,hellinger,theory,similarity,0.1,0.18833333333333335
NormRGB,extra,3,64,192,False,chebyshev,extra,distance,0.13333333333333333,0.17777777777777776
NormRGB,extra,3,64,192,False,canberra,extra,distance,0.26666666666666666,0.3194444444444445
NormRGB,extra,3,64,192,False,bhattacharyya,extra,distance,0.1,0.18833333333333335
NormRGB,extra,3,64,192,False,kl,extra,distance,0.1,0.2383333333333333
NormRGB,extra,3,64,192,False,js,extra,distance,0.3,0.3994444444444445
NormRGB,extra,3,64,192,False,cosine,extra,similarity,0.3,0.3733333333333333
NormRGB,extra,3,64,192,False,pearson,extra,similarity,0.3,0.3733333333333333
NormRGB,extra,3,64,192,False,emd,extra,distance,0.06666666666666667,0.10277777777777777
NormRGB,extra,3,64,192,False,ks,extra,distance,0.13333333333333333,0.17444444444444446
NormRGB,extra,3,64,192,True,L1,theory,distance,0.4,0.4983333333333333
NormRGB,extra,3,64,192,True,L2,theory,distance,0.26666666666666666,0.36666666666666664
NormRGB,extra,3,64,192,True,chi2,theory,distance,0.43333333333333335,0.4844444444444444
NormRGB,extra,3,64,192,True,intersection,theory,similarity,0.4,0.4983333333333333
NormRGB,extra,3,64,192,True,hellinger,theory,similarity,0.43333333333333335,0.4983333333333333
NormRGB,extra,3,64,192,True,chebyshev,extra,distance,0.23333333333333334,0.31777777777777777
NormRGB,extra,3,64,192,True,canberra,extra,distance,0.3333333333333333,0.33999999999999997
NormRGB,extra,3,64,192,True,bhattacharyya,extra,distance,0.43333333333333335,0.4983333333333333
NormRGB,extra,3,64,192,True,kl,extra,distance,0.3333333333333333,0.4272222222222222
NormRGB,extra,3,64,192,True,js,extra,distance,0.43333333333333335,0.4994444444444444
NormRGB,extra,3,64,192,True,cosine,extra,similarity,0.3,0.3733333333333333
NormRGB,extra,3,64,192,True,pearson,extra,similarity,0.3,0.3733333333333333
NormRGB,extra,3,64,192,True,emd,extra,distance,0.4,0.47555555555555556
NormRGB,extra,3,64,192,True,ks,extra,distance,0.2,0.2783333333333334
NormRGB,extra,3,128,384,False,L1,theory,distance,0.3,0.38166666666666665
NormRGB,extra,3,128,384,False,L2,theory,distance,0.23333333333333334,0.27055555555555555
NormRGB,extra,3,128,384,False,chi2,theory,distance,0.3,0.38888888888888895
NormRGB,extra,3,128,384,False,intersection,theory,similarity,0.3,0.3844444444444444
NormRGB,extra,3,128,384,False,hellinger,theory,similarity,0.06666666666666667,0.165
NormRGB,extra,3,128,384,False,chebyshev,extra,distance,0.13333333333333333,0.15555555555555556
NormRGB,extra,3,128,384,False,canberra,extra,distance,0.3,0.3927777777777778
NormRGB,extra,3,128,384,False,bhattacharyya,extra,distance,0.06666666666666667,0.165
NormRGB,extra,3,128,384,False,kl,extra,distance,0.16666666666666666,0.2761111111111111
NormRGB,extra,3,128,384,False,js,extra,distance,0.3,0.4011111111111111
NormRGB,extra,3,128,384,False,cosine,extra,similarity,0.36666666666666664,0.4083333333333333
NormRGB,extra,3,128,384,False,pearson,extra,similarity,0.36666666666666664,0.4
NormRGB,extra,3,128,384,False,emd,extra,distance,0.06666666666666667,0.10277777777777777
NormRGB,extra,3,128,384,False,ks,extra,distance,0.13333333333333333,0.16666666666666666
NormRGB,extra,3,128,384,True,L1,theory,distance,0.5,0.5566666666666666
NormRGB,extra,3,128,384,True,L2,theory,distance,0.36666666666666664,0.4066666666666666
NormRGB,extra,3,128,384,True,chi2,theory,distance,0.4,0.46388888888888885
NormRGB,extra,3,128,384,True,intersection,theory,similarity,0.5,0.5566666666666666
NormRGB,extra,3,128,384,True,hellinger,theory,similarity,0.43333333333333335,0.49111111111111116
NormRGB,extra,3,128,384,True,chebyshev,extra,distance,0.1,0.21333333333333332
NormRGB,extra,3,128,384,True,canberra,extra,distance,0.3,0.38
NormRGB,extra,3,128,384,True,bhattacharyya,extra,distance,0.43333333333333335,0.49111111111111116
NormRGB,extra,3,128,384,True,kl,extra,distance,0.36666666666666664,0.40944444444444444
NormRGB,extra,3,128,384,True,js,extra,distance,0.4,0.45555555555555555
NormRGB,extra,3,128,384,True,cosine,extra,similarity,0.36666666666666664,0.4083333333333333
NormRGB,extra,3,128,384,True,pearson,extra,similarity,0.36666666666666664,0.4
NormRGB,extra,3,128,384,True,emd,extra,distance,0.4,0.46722222222222226
NormRGB,extra,3,128,384,True,ks,extra,distance,0.16666666666666666,0.23
NormRGB,extra,3,256,768,False,L1,theory,distance,0.26666666666666666,0.33722222222222226
NormRGB,extra,3,256,768,False,L2,theory,distance,0.2,0.24444444444444444
NormRGB,extra,3,256,768,False,chi2,theory,distance,0.3333333333333333,0.3972222222222222
NormRGB,extra,3,256,768,False,intersection,theory,similarity,0.4,0.45111111111111113
NormRGB,extra,3,256,768,False,hellinger,theory,similarity,0.1,0.1861111111111111
NormRGB,extra,3,256,768,False,chebyshev,extra,distance,0.13333333333333333,0.14444444444444443
NormRGB,extra,3,256,768,False,canberra,extra,distance,0.4666666666666667,0.5361111111111112
NormRGB,extra,3,256,768,False,bhattacharyya,extra,distance,0.1,0.1861111111111111
NormRGB,extra,3,256,768,False,kl,extra,distance,0.16666666666666666,0.28666666666666674
NormRGB,extra,3,256,768,False,js,extra,distance,0.3,0.3872222222222223
NormRGB,extra,3,256,768,False,cosine,extra,similarity,0.3,0.34722222222222227
NormRGB,extra,3,256,768,False,pearson,extra,similarity,0.3,0.3444444444444444
NormRGB,extra,3,256,768,False,emd,extra,distance,0.06666666666666667,0.1111111111111111
NormRGB,extra,3,256,768,False,ks,extra,distance,0.13333333333333333,0.16666666666666666
NormRGB,extra,3,256,768,True,L1,theory,distance,0.43333333333333335,0.4944444444444444
NormRGB,extra,3,256,768,True,L2,theory,distance,0.3333333333333333,0.36777777777777776
NormRGB,extra,3,256,768,True,chi2,theory,distance,0.4,0.4444444444444444
NormRGB,extra,3,256,768,True,intersection,theory,similarity,0.43333333333333335,0.4944444444444444
NormRGB,extra,3,256,768,True,hellinger,theory,similarity,0.43333333333333335,0.4827777777777778
NormRGB,extra,3,256,768,True,chebyshev,extra,distance,0.16666666666666666,0.19444444444444445
NormRGB,extra,3,256,768,True,canberra,extra,distance,0.43333333333333335,0.505
NormRGB,extra,3,256,768,True,bhattacharyya,extra,distance,0.43333333333333335,0.4827777777777778
NormRGB,extra,3,256,768,True,kl,extra,distance,0.3333333333333333,0.4066666666666666
NormRGB,extra,3,256,768,True,js,extra,distance,0.4,0.4522222222222222
NormRGB,extra,3,256,768,True,cosine,extra,similarity,0.3,0.34722222222222227
NormRGB,extra,3,256,768,True,pearson,extra,similarity,0.3,0.3444444444444444
NormRGB,extra,3,256,768,True,emd,extra,distance,0.4,0.48055555555555557
NormRGB,extra,3,256,768,True,ks,extra,distance,0.16666666666666666,0.23166666666666666
rg,extra,2,8,16,False,L1,theory,distance,0.26666666666666666,0.2861111111111111
rg,extra,2,8,16,False,L2,theory,distance,0.26666666666666666,0.2733333333333333
rg,extra,2,8,16,False,chi2,theory,distance,0.26666666666666666,0.3
rg,extra,2,8,16,False,intersection,theory,similarity,0.06666666666666667,0.15444444444444447
rg,extra,2,8,16,False,hellinger,theory,similarity,0.03333333333333333,0.05944444444444444
rg,extra,2,8,16,False,chebyshev,extra,distance,0.13333333333333333,0.17888888888888888
rg,extra,2,8,16,False,canberra,extra,distance,0.2,0.22333333333333333
rg,extra,2,8,16,False,bhattacharyya,extra,distance,0.03333333333333333,0.05944444444444444
rg,extra,2,8,16,False,kl,extra,distance,0.03333333333333333,0.09000000000000001
rg,extra,2,8,16,False,js,extra,distance,0.3,0.3277777777777777
rg,extra,2,8,16,False,cosine,extra,similarity,0.3,0.37166666666666665
rg,extra,2,8,16,False,pearson,extra,similarity,0.3,0.3705555555555556
rg,extra,2,8,16,False,emd,extra,distance,0.1,0.13166666666666668
rg,extra,2,8,16,False,ks,extra,distance,0.16666666666666666,0.19666666666666668
rg,extra,2,8,16,True,L1,theory,distance,0.3333333333333333,0.42166666666666663
rg,extra,2,8,16,True,L2,theory,distance,0.3,0.36777777777777776
rg,extra,2,8,16,True,chi2,theory,distance,0.4,0.44166666666666665
rg,extra,2,8,16,True,intersection,theory,similarity,0.3333333333333333,0.42166666666666663
rg,extra,2,8,16,True,hellinger,theory,similarity,0.4,0.46499999999999997
rg,extra,2,8,16,True,chebyshev,extra,distance,0.3333333333333333,0.3705555555555556
rg,extra,2,8,16,True,canberra,extra,distance,0.23333333333333334,0.2594444444444444
rg,extra,2,8,16,True,bhattacharyya,extra,distance,0.4,0.46499999999999997
rg,extra,2,8,16,True,kl,extra,distance,0.26666666666666666,0.33999999999999997
rg,extra,2,8,16,True,js,extra,distance,0.4,0.46499999999999997
rg,extra,2,8,16,True,cosine,extra,similarity,0.3,0.37166666666666665
rg,extra,2,8,16,True,pearson,extra,similarity,0.3,0.3705555555555556
rg,extra,2,8,16,True,emd,extra,distance,0.23333333333333334,0.32166666666666666
rg,extra,2,8,16,True,ks,extra,distance,0.23333333333333334,0.2944444444444444
rg,extra,2,16,32,False,L1,theory,distance,0.3,0.3277777777777777
rg,extra,2,16,32,False,L2,theory,distance,0.23333333333333334,0.26944444444444443
rg,extra,2,16,32,False,chi2,theory,distance,0.3333333333333333,0.3983333333333333
rg,extra,2,16,32,False,intersection,theory,similarity,0.2,0.2916666666666667
rg,extra,2,16,32,False,hellinger,theory,similarity,0.03333333333333333,0.09166666666666665
rg,extra,2,16,32,False,chebyshev,extra,distance,0.23333333333333334,0.25833333333333336
rg,extra,2,16,32,False,canberra,extra,distance,0.16666666666666666,0.24166666666666664
rg,extra,2,16,32,False,bhattacharyya,extra,distance,0.03333333333333333,0.09166666666666665
rg,extra,2,16,32,False,kl,extra,distance,0.1,0.13
rg,extra,2,16,32,False,js,extra,distance,0.3333333333333333,0.4
rg,extra,2,16,32,False,cosine,extra,similarity,0.36666666666666664,0.4388888888888889
rg,extra,2,16,32,False,pearson,extra,similarity,0.3333333333333333,0.425
rg,extra,2,16,32,False,emd,extra,distance,0.1,0.11333333333333333
rg,extra,2,16,32,False,ks,extra,distance,0.2,0.2527777777777778
rg,extra,2,16,32,True,L1,theory,distance,0.5,0.5277777777777778
rg,extra,2,16,32,True,L2,theory,distance,0.4,0.46388888888888885
rg,extra,2,16,32,True,chi2,theory,distance,0.5,0.5594444444444444
rg,extra,2,16,32,True,intersection,theory,similarity,0.5,0.5277777777777778
rg,extra,2,16,32,True,hellinger,theory,similarity,0.5,0.5538888888888889
rg,extra,2,16,32,True,chebyshev,extra,distance,0.3333333333333333,0.4
rg,extra,2,16,32,True,canberra,extra,distance,0.16666666666666666,0.23722222222222225
rg,extra,2,16,32,True,bhattacharyya,extra,distance,0.5,0.5538888888888889
rg,extra,2,16,32,True,kl,extra,distance,0.43333333333333335,0.475
rg,extra,2,16,32,True,js,extra,distance,0.5333333333333333,0.5805555555555555
rg,extra,2,16,32,True,cosine,extra,similarity,0.36666666666666664,0.4388888888888889
rg,extra,2,16,32,True,pearson,extra,similarity,0.3333333333333333,0.425
rg,extra,2,16,32,True,emd,extra,distance,0.36666666666666664,0.4011111111111111
rg,extra,2,16,32,True,ks,extra,distance,0.23333333333333334,0.31222222222222223
rg,extra,2,32,64,False,L1,theory,distance,0.23333333333333334,0.2783333333333334
rg,extra,2,32,64,False,L2,theory,distance,0.2,0.2472222222222222
rg,extra,2,32,64,False,chi2,theory,distance,0.3333333333333333,0.4261111111111111
rg,extra,2,32,64,False,intersection,theory,similarity,0.16666666666666666,0.3416666666666667
rg,extra,2,32,64,False,hellinger,theory,similarity,0.03333333333333333,0.10944444444444444
rg,extra,2,32,64,False,chebyshev,extra,distance,0.16666666666666666,0.19722222222222222
rg,extra,2,32,64,False,canberra,extra,distance,0.3,0.3333333333333333
rg,extra,2,32,64,False,bhattacharyya,extra,distance,0.03333333333333333,0.10944444444444444
rg,extra,2,32,64,False,kl,extra,distance,0.1,0.18777777777777777
rg,extra,2,32,64,False,js,extra,distance,0.4,0.4694444444444444
rg,extra,2,32,64,False,cosine,extra,similarity,0.4666666666666667,0.4983333333333333
rg,extra,2,32,64,False,pearson,extra,similarity,0.4666666666666667,0.4966666666666667
rg,extra,2,32,64,False,emd,extra,distance,0.13333333333333333,0.14444444444444443
rg,extra,2,32,64,False,ks,extra,distance,0.2,0.225
rg,extra,2,32,64,True,L1,theory,distance,0.5,0.5588888888888889
rg,extra,2,32,64,True,L2,theory,distance,0.4,0.45666666666666667
rg,extra,2,32,64,True,chi2,theory,distance,0.5666666666666667,0.6344444444444444
rg,extra,2,32,64,True,intersection,theory,similarity,0.5,0.5588888888888889
rg,extra,2,32,64,True,hellinger,theory,similarity,0.5333333333333333,0.6205555555555555
rg,extra,2,32,64,True,chebyshev,extra,distance,0.3,0.3566666666666667
rg,extra,2,32,64,True,canberra,extra,distance,0.3,0.3333333333333333
rg,extra,2,32,64,True,bhattacharyya,extra,distance,0.5333333333333333,0.6205555555555555
rg,extra,2,32,64,True,kl,extra,distance,0.5,0.5611111111111112
rg,extra,2,32,64,True,js,extra,distance,0.5333333333333333,0.6138888888888888
rg,extra,2,32,64,True,cosine,extra,similarity,0.4666666666666667,0.4983333333333333
rg,extra,2,32,64,True,pearson,extra,similarity,0.4666666666666667,0.4966666666666667
rg,extra,2,32,64,True,emd,extra,distance,0.36666666666666664,0.43
rg,extra,2,32,64,True,ks,extra,distance,0.3333333333333333,0.37166666666666665
rg,extra,2,64,128,False,L1,theory,distance,0.23333333333333334,0.30944444444444447
rg,extra,2,64,128,False,L2,theory,distance,0.13333333333333333,0.21055555555555555
rg,extra,2,64,128,False,chi2,theory,distance,0.26666666666666666,0.38722222222222225
rg,extra,2,64,128,False,intersection,theory,similarity,0.23333333333333334,0.3761111111111112
rg,extra,2,64,128,False,hellinger,theory,similarity,0.06666666666666667,0.14833333333333332
rg,extra,2,64,128,False,chebyshev,extra,distance,0.16666666666666666,0.18333333333333332
rg,extra,2,64,128,False,canberra,extra,distance,0.3,0.3733333333333333
rg,extra,2,64,128,False,bhattacharyya,extra,distance,0.06666666666666667,0.14833333333333332
rg,extra,2,64,128,False,kl,extra,distance,0.2,0.2816666666666666
rg,extra,2,64,128,False,js,extra,distance,0.3,0.4094444444444445
rg,extra,2,64,128,False,cosine,extra,similarity,0.3,0.3611111111111111
rg,extra,2,64,128,False,pearson,extra,similarity,0.3,0.35833333333333334
rg,extra,2,64,128,False,emd,extra,distance,0.06666666666666667,0.10833333333333334
rg,extra,2,64,128,False,ks,extra,distance,0.13333333333333333,0.18333333333333332
rg,extra,2,64,128,True,L1,theory,distance,0.4666666666666667,0.5194444444444444
rg,extra,2,64,128,True,L2,theory,distance,0.3333333333333333,0.4
rg,extra,2,64,128,True,chi2,theory,distance,0.4666666666666667,0.5594444444444444
rg,extra,2,64,128,True,intersection,theory,similarity,0.4666666666666667,0.5194444444444444
rg,extra,2,64,128,True,hellinger,theory,similarity,0.5,0.5972222222222221
rg,extra,2,64,128,True,chebyshev,extra,distance,0.26666666666666666,0.32611111111111113
rg,extra,2,64,128,True,canberra,extra,distance,0.3333333333333333,0.36666666666666664
rg,extra,2,64,128,True,bhattacharyya,extra,distance,0.5,0.5972222222222221
rg,extra,2,64,128,True,kl,extra,distance,0.4,0.48444444444444446
rg,extra,2,64,128,True,js,extra,distance,0.4666666666666667,0.5816666666666667
rg,extra,2,64,128,True,cosine,extra,similarity,0.3,0.3611111111111111
rg,extra,2,64,128,True,pearson,extra,similarity,0.3,0.35833333333333334
rg,extra,2,64,128,True,emd,extra,distance,0.36666666666666664,0.43333333333333335
rg,extra,2,64,128,True,ks,extra,distance,0.23333333333333334,0.31055555555555553
rg,extra,2,128,256,False,L1,theory,distance,0.26666666666666666,0.3388888888888889
rg,extra,2,128,256,False,L2,theory,distance,0.2,0.26944444444444443
rg,extra,2,128,256,False,chi2,theory,distance,0.3,0.39722222222222225
rg,extra,2,128,256,False,intersection,theory,similarity,0.26666666666666666,0.3755555555555556
rg,extra,2,128,256,False,hellinger,theory,similarity,0.06666666666666667,0.13555555555555554
rg,extra,2,128,256,False,chebyshev,extra,distance,0.1,0.15
rg,extra,2,128,256,False,canberra,extra,distance,0.26666666666666666,0.3605555555555556
rg,extra,2,128,256,False,bhattacharyya,extra,distance,0.06666666666666667,0.13555555555555554
rg,extra,2,128,256,False,kl,extra,distance,0.2,0.28444444444444444
rg,extra,2,128,256,False,js,extra,distance,0.3333333333333333,0.43444444444444447
rg,extra,2,128,256,False,cosine,extra,similarity,0.36666666666666664,0.4222222222222222
rg,extra,2,128,256,False,pearson,extra,similarity,0.36666666666666664,0.4222222222222222
rg,extra,2,128,256,False,emd,extra,distance,0.06666666666666667,0.115
rg,extra,2,128,256,False,ks,extra,distance,0.13333333333333333,0.175
rg,extra,2,128,256,True,L1,theory,distance,0.4666666666666667,0.48611111111111105
rg,extra,2,128,256,True,L2,theory,distance,0.4,0.4444444444444444
rg,extra,2,128,256,True,chi2,theory,distance,0.4666666666666667,0.49277777777777776
rg,extra,2,128,256,True,intersection,theory,similarity,0.4666666666666667,0.48611111111111105
rg,extra,2,128,256,True,hellinger,theory,similarity,0.43333333333333335,0.4972222222222222
rg,extra,2,128,256,True,chebyshev,extra,distance,0.13333333333333333,0.22166666666666668
rg,extra,2,128,256,True,canberra,extra,distance,0.26666666666666666,0.35388888888888886
rg,extra,2,128,256,True,bhattacharyya,extra,distance,0.43333333333333335,0.4972222222222222
rg,extra,2,128,256,True,kl,extra,distance,0.4,0.4583333333333333
rg,extra,2,128,256,True,js,extra,distance,0.4666666666666667,0.5122222222222222
rg,extra,2,128,256,True,cosine,extra,similarity,0.36666666666666664,0.4222222222222222
rg,extra,2,128,256,True,pearson,extra,similarity,0.36666666666666664,0.4222222222222222
rg,extra,2,128,256,True,emd,extra,distance,0.36666666666666664,0.42444444444444446
rg,extra,2,128,256,True,ks,extra,distance,0.26666666666666666,0.3055555555555555
rg,extra,2,256,512,False,L1,theory,distance,0.23333333333333334,0.3
rg,extra,2,256,512,False,L2,theory,distance,0.16666666666666666,0.2333333333333333
rg,extra,2,256,512,False,chi2,theory,distance,0.3333333333333333,0.4083333333333333
rg,extra,2,256,512,False,intersection,theory,similarity,0.36666666666666664,0.46222222222222226
rg,extra,2,256,512,False,hellinger,theory,similarity,0.06666666666666667,0.14388888888888887
rg,extra,2,256,512,False,chebyshev,extra,distance,0.13333333333333333,0.14166666666666666
rg,extra,2,256,512,False,canberra,extra,distance,0.4,0.48166666666666663
rg,extra,2,256,512,False,bhattacharyya,extra,distance,0.06666666666666667,0.14388888888888887
rg,extra,2,256,512,False,kl,extra,distance,0.16666666666666666,0.2733333333333333
rg,extra,2,256,512,False,js,extra,distance,0.36666666666666664,0.44
rg,extra,2,256,512,False,cosine,extra,similarity,0.3,0.3594444444444445
rg,extra,2,256,512,False,pearson,extra,similarity,0.3,0.3527777777777778
rg,extra,2,256,512,False,emd,extra,distance,0.06666666666666667,0.115
rg,extra,2,256,512,False,ks,extra,distance,0.13333333333333333,0.175
rg,extra,2,256,512,True,L1,theory,distance,0.43333333333333335,0.47777777777777775
rg,extra,2,256,512,True,L2,theory,distance,0.3,0.35277777777777775
rg,extra,2,256,512,True,chi2,theory,distance,0.43333333333333335,0.4811111111111111
rg,extra,2,256,512,True,intersection,theory,similarity,0.43333333333333335,0.47777777777777775
rg,extra,2,256,512,True,hellinger,theory,similarity,0.4,0.4872222222222222
rg,extra,2,256,512,True,chebyshev,extra,distance,0.16666666666666666,0.18888888888888886
rg,extra,2,256,512,True,canberra,extra,distance,0.36666666666666664,0.4472222222222222
rg,extra,2,256,512,True,bhattacharyya,extra,distance,0.4,0.4872222222222222
rg,extra,2,256,512,True,kl,extra,distance,0.4,0.4666666666666667
rg,extra,2,256,512,True,js,extra,distance,0.4666666666666667,0.518888888888889
rg,extra,2,256,512,True,cosine,extra,similarity,0.3,0.3594444444444445
rg,extra,2,256,512,True,pearson,extra,similarity,0.3,0.3527777777777778
rg,extra,2,256,512,True,emd,extra,distance,0.36666666666666664,0.43888888888888894
rg,extra,2,256,512,True,ks,extra,distance,0.23333333333333334,0.2788888888888889
LogRGB,extra,3,8,24,False,L1,theory,distance,0.23333333333333334,0.2788888888888889
LogRGB,extra,3,8,24,False,L2,theory,distance,0.16666666666666666,0.24111111111111108
LogRGB,extra,3,8,24,False,chi2,theory,distance,0.23333333333333334,0.29
LogRGB,extra,3,8,24,False,intersection,theory,similarity,0.1,0.18444444444444444
LogRGB,extra,3,8,24,False,hellinger,theory,similarity,0.03333333333333333,0.06111111111111111
LogRGB,extra,3,8,24,False,chebyshev,extra,distance,0.2,0.265
LogRGB,extra,3,8,24,False,canberra,extra,distance,0.26666666666666666,0.31111111111111106
LogRGB,extra,3,8,24,False,bhattacharyya,extra,distance,0.03333333333333333,0.06111111111111111
LogRGB,extra,3,8,24,False,kl,extra,distance,0.03333333333333333,0.06666666666666667
LogRGB,extra,3,8,24,False,js,extra,distance,0.23333333333333334,0.29
LogRGB,extra,3,8,24,False,cosine,extra,similarity,0.16666666666666666,0.2888888888888889
LogRGB,extra,3,8,24,False,pearson,extra,similarity,0.16666666666666666,0.2805555555555556
LogRGB,extra,3,8,24,False,emd,extra,distance,0.1,0.14277777777777778
LogRGB,extra,3,8,24,False,ks,extra,distance,0.16666666666666666,0.21666666666666667
LogRGB,extra,3,8,24,True,L1,theory,distance,0.23333333333333334,0.31444444444444447
LogRGB,extra,3,8,24,True,L2,theory,distance,0.2,0.31055555555555553
LogRGB,extra,3,8,24,True,chi2,theory,distance,0.26666666666666666,0.345
LogRGB,extra,3,8,24,True,intersection,theory,similarity,0.23333333333333334,0.31444444444444447
LogRGB,extra,3,8,24,True,hellinger,theory,similarity,0.26666666666666666,0.3327777777777778
LogRGB,extra,3,8,24,True,chebyshev,extra,distance,0.26666666666666666,0.33944444444444444
LogRGB,extra,3,8,24,True,canberra,extra,distance,0.23333333333333334,0.2816666666666666
LogRGB,extra,3,8,24,True,bhattacharyya,extra,distance,0.26666666666666666,0.3327777777777778
LogRGB,extra,3,8,24,True,kl,extra,distance,0.3,0.3427777777777778
LogRGB,extra,3,8,24,True,js,extra,distance,0.26666666666666666,0.3461111111111111
LogRGB,extra,3,8,24,True,cosine,extra,similarity,0.16666666666666666,0.2888888888888889
LogRGB,extra,3,8,24,True,pearson,extra,similarity,0.16666666666666666,0.2805555555555556
LogRGB,extra,3,8,24,True,emd,extra,distance,0.3,0.35277777777777775
LogRGB,extra,3,8,24,True,ks,extra,distance,0.23333333333333334,0.2788888888888889
LogRGB,extra,3,16,48,False,L1,theory,distance,0.23333333333333334,0.28611111111111115
LogRGB,extra,3,16,48,False,L2,theory,distance,0.16666666666666666,0.255
LogRGB,extra,3,16,48,False,chi2,theory,distance,0.26666666666666666,0.3055555555555556
LogRGB,extra,3,16,48,False,intersection,theory,similarity,0.13333333333333333,0.19444444444444445
LogRGB,extra,3,16,48,False,hellinger,theory,similarity,0.1,0.11944444444444445
LogRGB,extra,3,16,48,False,chebyshev,extra,distance,0.16666666666666666,0.2288888888888889
LogRGB,extra,3,16,48,False,canberra,extra,distance,0.26666666666666666,0.32611111111111113
LogRGB,extra,3,16,48,False,bhattacharyya,extra,distance,0.1,0.11944444444444445
LogRGB,extra,3,16,48,False,kl,extra,distance,0.1,0.115
LogRGB,extra,3,16,48,False,js,extra,distance,0.26666666666666666,0.3055555555555556
LogRGB,extra,3,16,48,False,cosine,extra,similarity,0.26666666666666666,0.3388888888888889
LogRGB,extra,3,16,48,False,pearson,extra,similarity,0.26666666666666666,0.33611111111111114
LogRGB,extra,3,16,48,False,emd,extra,distance,0.1,0.15944444444444444
LogRGB,extra,3,16,48,False,ks,extra,distance,0.2,0.21666666666666667
LogRGB,extra,3,16,48,True,L1,theory,distance,0.3,0.3705555555555556
LogRGB,extra,3,16,48,True,L2,theory,distance,0.26666666666666666,0.34444444444444444
LogRGB,extra,3,16,48,True,chi2,theory,distance,0.3333333333333333,0.3927777777777778
LogRGB,extra,3,16,48,True,intersection,theory,similarity,0.3,0.3705555555555556
LogRGB,extra,3,16,48,True,hellinger,theory,similarity,0.3,0.3761111111111111
LogRGB,extra,3,16,48,True,chebyshev,extra,distance,0.23333333333333334,0.3077777777777778
LogRGB,extra,3,16,48,True,canberra,extra,distance,0.23333333333333334,0.30277777777777776
LogRGB,extra,3,16,48,True,bhattacharyya,extra,distance,0.3,0.3761111111111111
LogRGB,extra,3,16,48,True,kl,extra,distance,0.3,0.35277777777777775
LogRGB,extra,3,16,48,True,js,extra,distance,0.3333333333333333,0.3927777777777778
LogRGB,extra,3,16,48,True,cosine,extra,similarity,0.26666666666666666,0.3388888888888889
LogRGB,extra,3,16,48,True,pearson,extra,similarity,0.26666666666666666,0.33611111111111114
LogRGB,extra,3,16,48,True,emd,extra,distance,0.26666666666666666,0.3527777777777778
LogRGB,extra,3,16,48,True,ks,extra,distance,0.23333333333333334,0.29555555555555557
LogRGB,extra,3,32,96,False,L1,theory,distance,0.26666666666666666,0.3027777777777778
LogRGB,extra,3,32,96,False,L2,theory,distance,0.2,0.27222222222222225
LogRGB,extra,3,32,96,False,chi2,theory,distance,0.26666666666666666,0.3055555555555556
LogRGB,extra,3,32,96,False,intersection,theory,similarity,0.13333333333333333,0.21388888888888888
LogRGB,extra,3,32,96,False,hellinger,theory,similarity,0.1,0.11944444444444445
LogRGB,extra,3,32,96,False,chebyshev,extra,distance,0.13333333333333333,0.2111111111111111
LogRGB,extra,3,32,96,False,canberra,extra,distance,0.3,0.33055555555555555
LogRGB,extra,3,32,96,False,bhattacharyya,extra,distance,0.1,0.11944444444444445
LogRGB,extra,3,32,96,False,kl,extra,distance,0.1,0.13333333333333333
LogRGB,extra,3,32,96,False,js,extra,distance,0.26666666666666666,0.3055555555555556
LogRGB,extra,3,32,96,False,cosine,extra,similarity,0.26666666666666666,0.3444444444444444
LogRGB,extra,3,32,96,False,pearson,extra,similarity,0.23333333333333334,0.32222222222222224
LogRGB,extra,3,32,96,False,emd,extra,distance,0.1,0.15944444444444444
LogRGB,extra,3,32,96,False,ks,extra,distance,0.2,0.22333333333333333
LogRGB,extra,3,32,96,True,L1,theory,distance,0.3333333333333333,0.3944444444444445
LogRGB,extra,3,32,96,True,L2,theory,distance,0.26666666666666666,0.3472222222222222
LogRGB,extra,3,32,96,True,chi2,theory,distance,0.3333333333333333,0.3722222222222223
LogRGB,extra,3,32,96,True,intersection,theory,similarity,0.3333333333333333,0.3944444444444445
LogRGB,extra,3,32,96,True,hellinger,theory,similarity,0.3333333333333333,0.3722222222222223
LogRGB,extra,3,32,96,True,chebyshev,extra,distance,0.23333333333333334,0.2861111111111111
LogRGB,extra,3,32,96,True,canberra,extra,distance,0.23333333333333334,0.30944444444444447
LogRGB,extra,3,32,96,True,bhattacharyya,extra,distance,0.3333333333333333,0.3722222222222223
LogRGB,extra,3,32,96,True,kl,extra,distance,0.26666666666666666,0.3416666666666667
LogRGB,extra,3,32,96,True,js,extra,distance,0.3333333333333333,0.3722222222222223
LogRGB,extra,3,32,96,True,cosine,extra,similarity,0.26666666666666666,0.3444444444444444
LogRGB,extra,3,32,96,True,pearson,extra,similarity,0.23333333333333334,0.32222222222222224
LogRGB,extra,3,32,96,True,emd,extra,distance,0.3,0.36944444444444446
LogRGB,extra,3,32,96,True,ks,extra,distance,0.23333333333333334,0.2788888888888889
LogRGB,extra,3,64,192,False,L1,theory,distance,0.26666666666666666,0.30111111111111116
LogRGB,extra,3,64,192,False,L2,theory,distance,0.2,0.275
LogRGB,extra,3,64,192,False,chi2,theory,distance,0.26666666666666666,0.3055555555555556
LogRGB,extra,3,64,192,False,intersection,theory,similarity,0.2,0.2538888888888889
LogRGB,extra,3,64,192,False,hellinger,theory,similarity,0.1,0.11944444444444445
LogRGB,extra,3,64,192,False,chebyshev,extra,distance,0.16666666666666666,0.18444444444444444
LogRGB,extra,3,64,192,False,canberra,extra,distance,0.3,0.3427777777777778
LogRGB,extra,3,64,192,False,bhattacharyya,extra,distance,0.1,0.11944444444444445
LogRGB,extra,3,64,192,False,kl,extra,distance,0.1,0.14833333333333334
LogRGB,extra,3,64,192,False,js,extra,distance,0.26666666666666666,0.3111111111111111
LogRGB,extra,3,64,192,False,cosine,extra,similarity,0.26666666666666666,0.3416666666666667
LogRGB,extra,3,64,192,False,pearson,extra,similarity,0.26666666666666666,0.3305555555555556
LogRGB,extra,3,64,192,False,emd,extra,distance,0.1,0.15944444444444444
LogRGB,extra,3,64,192,False,ks,extra,distance,0.2,0.225
LogRGB,extra,3,64,192,True,L1,theory,distance,0.3333333333333333,0.3722222222222223
LogRGB,extra,3,64,192,True,L2,theory,distance,0.3,0.3611111111111111
LogRGB,extra,3,64,192,True,chi2,theory,distance,0.3333333333333333,0.3722222222222223
LogRGB,extra,3,64,192,True,intersection,theory,similarity,0.3333333333333333,0.3722222222222223
LogRGB,extra,3,64,192,True,hellinger,theory,similarity,0.3333333333333333,0.36777777777777776
LogRGB,extra,3,64,192,True,chebyshev,extra,distance,0.13333333333333333,0.18000000000000002
LogRGB,extra,3,64,192,True,canberra,extra,distance,0.26666666666666666,0.33166666666666667
LogRGB,extra,3,64,192,True,bhattacharyya,extra,distance,0.3333333333333333,0.36777777777777776
LogRGB,extra,3,64,192,True,kl,extra,distance,0.3,0.3444444444444444
LogRGB,extra,3,64,192,True,js,extra,distance,0.3333333333333333,0.36944444444444446
LogRGB,extra,3,64,192,True,cosine,extra,similarity,0.26666666666666666,0.3416666666666667
LogRGB,extra,3,64,192,True,pearson,extra,similarity,0.26666666666666666,0.3305555555555556
LogRGB,extra,3,64,192,True,emd,extra,distance,0.3,0.3761111111111111
LogRGB,extra,3,64,192,True,ks,extra,distance,0.23333333333333334,0.28444444444444444
LogRGB,extra,3,128,384,False,L1,theory,distance,0.26666666666666666,0.30944444444444447
LogRGB,extra,3,128,384,False,L2,theory,distance,0.2,0.2611111111111111
LogRGB,extra,3,128,384,False,chi2,theory,distance,0.26666666666666666,0.3055555555555556
LogRGB,extra,3,128,384,False,intersection,theory,similarity,0.16666666666666666,0.24000000000000002
LogRGB,extra,3,128,384,False,hellinger,theory,similarity,0.1,0.11944444444444445
LogRGB,extra,3,128,384,False,chebyshev,extra,distance,0.1,0.14444444444444443
LogRGB,extra,3,128,384,False,canberra,extra,distance,0.4,0.4166666666666667
LogRGB,extra,3,128,384,False,bhattacharyya,extra,distance,0.1,0.11944444444444445
LogRGB,extra,3,128,384,False,kl,extra,distance,0.1,0.13166666666666668
LogRGB,extra,3,128,384,False,js,extra,distance,0.26666666666666666,0.30944444444444447
LogRGB,extra,3,128,384,False,cosine,extra,similarity,0.26666666666666666,0.3361111111111111
LogRGB,extra,3,128,384,False,pearson,extra,similarity,0.26666666666666666,0.3327777777777778
LogRGB,extra,3,128,384,False,emd,extra,distance,0.1,0.15944444444444444
LogRGB,extra,3,128,384,False,ks,extra,distance,0.2,0.21944444444444444
LogRGB,extra,3,128,384,True,L1,theory,distance,0.3333333333333333,0.38333333333333336
LogRGB,extra,3,128,384,True,L2,theory,distance,0.26666666666666666,0.33055555555555555
LogRGB,extra,3,128,384,True,chi2,theory,distance,0.3333333333333333,0.3722222222222223
LogRGB,extra,3,128,384,True,intersection,theory,similarity,0.3333333333333333,0.38333333333333336
LogRGB,extra,3,128,384,True,hellinger,theory,similarity,0.3333333333333333,0.3611111111111111
LogRGB,extra,3,128,384,True,chebyshev,extra,distance,0.1,0.1611111111111111
LogRGB,extra,3,128,384,True,canberra,extra,distance,0.3333333333333333,0.3994444444444445
LogRGB,extra,3,128,384,True,bhattacharyya,extra,distance,0.3333333333333333,0.3611111111111111
LogRGB,extra,3,128,384,True,kl,extra,distance,0.16666666666666666,0.26333333333333336
LogRGB,extra,3,128,384,True,js,extra,distance,0.3333333333333333,0.36777777777777776
LogRGB,extra,3,128,384,True,cosine,extra,similarity,0.26666666666666666,0.3361111111111111
LogRGB,extra,3,128,384,True,pearson,extra,similarity,0.26666666666666666,0.3327777777777778
LogRGB,extra,3,128,384,True,emd,extra,distance,0.3,0.3761111111111111
LogRGB,extra,3,128,384,True,ks,extra,distance,0.23333333333333334,0.2816666666666666
LogRGB,extra,3,256,768,False,L1,theory,distance,0.26666666666666666,0.3027777777777778
LogRGB,extra,3,256,768,False,L2,theory,distance,0.2,0.25
LogRGB,extra,3,256,768,False,chi2,theory,distance,0.26666666666666666,0.3027777777777778
LogRGB,extra,3,256,768,False,intersection,theory,similarity,0.16666666666666666,0.24000000000000002
LogRGB,extra,3,256,768,False,hellinger,theory,similarity,0.1,0.11944444444444445
LogRGB,extra,3,256,768,False,chebyshev,extra,distance,0.1,0.13444444444444445
LogRGB,extra,3,256,768,False,canberra,extra,distance,0.3333333333333333,0.41111111111111115
LogRGB,extra,3,256,768,False,bhattacharyya,extra,distance,0.1,0.11944444444444445
LogRGB,extra,3,256,768,False,kl,extra,distance,0.1,0.125
LogRGB,extra,3,256,768,False,js,extra,distance,0.26666666666666666,0.3077777777777778
LogRGB,extra,3,256,768,False,cosine,extra,similarity,0.26666666666666666,0.33055555555555555
LogRGB,extra,3,256,768,False,pearson,extra,similarity,0.26666666666666666,0.3277777777777777
LogRGB,extra,3,256,768,False,emd,extra,distance,0.1,0.15944444444444444
LogRGB,extra,3,256,768,False,ks,extra,distance,0.2,0.21944444444444444
LogRGB,extra,3,256,768,True,L1,theory,distance,0.3333333333333333,0.3722222222222223
LogRGB,extra,3,256,768,True,L2,theory,distance,0.26666666666666666,0.3222222222222222
LogRGB,extra,3,256,768,True,chi2,theory,distance,0.3333333333333333,0.3722222222222223
LogRGB,extra,3,256,768,True,intersection,theory,similarity,0.3333333333333333,0.3722222222222223
LogRGB,extra,3,256,768,True,hellinger,theory,similarity,0.3,0.34444444444444444
LogRGB,extra,3,256,768,True,chebyshev,extra,distance,0.06666666666666667,0.15666666666666668
LogRGB,extra,3,256,768,True,canberra,extra,distance,0.3333333333333333,0.42999999999999994
LogRGB,extra,3,256,768,True,bhattacharyya,extra,distance,0.3,0.34444444444444444
LogRGB,extra,3,256,768,True,kl,extra,distance,0.16666666666666666,0.24166666666666667
LogRGB,extra,3,256,768,True,js,extra,distance,0.3333333333333333,0.36777777777777776
LogRGB,extra,3,256,768,True,cosine,extra,similarity,0.26666666666666666,0.33055555555555555
LogRGB,extra,3,256,768,True,pearson,extra,similarity,0.26666666666666666,0.3277777777777777
LogRGB,extra,3,256,768,True,emd,extra,distance,0.3,0.36944444444444446
LogRGB,extra,3,256,768,True,ks,extra,distance,0.2,0.265
YIQ,extra,3,8,24,False,L1,theory,distance,0.3333333333333333,0.34444444444444444
YIQ,extra,3,8,24,False,L2,theory,distance,0.26666666666666666,0.3111111111111111
YIQ,extra,3,8,24,False,chi2,theory,distance,0.3333333333333333,0.3611111111111111
YIQ,extra,3,8,24,False,intersection,theory,similarity,0.16666666666666666,0.23444444444444443
YIQ,extra,3,8,24,False,hellinger,theory,similarity,0.1,0.13333333333333333
YIQ,extra,3,8,24,False,chebyshev,extra,distance,0.16666666666666666,0.22777777777777777
YIQ,extra,3,8,24,False,canberra,extra,distance,0.43333333333333335,0.4972222222222223
YIQ,extra,3,8,24,False,bhattacharyya,extra,distance,0.1,0.13333333333333333
YIQ,extra,3,8,24,False,kl,extra,distance,0.13333333333333333,0.1622222222222222
YIQ,extra,3,8,24,False,js,extra,distance,0.3333333333333333,0.36944444444444446
YIQ,extra,3,8,24,False,cosine,extra,similarity,0.3,0.3361111111111111
YIQ,extra,3,8,24,False,pearson,extra,similarity,0.3,0.3361111111111111
YIQ,extra,3,8,24,False,emd,extra,distance,0.1,0.1511111111111111
YIQ,extra,3,8,24,False,ks,extra,distance,0.13333333333333333,0.18333333333333332
YIQ,extra,3,8,24,True,L1,theory,distance,0.3333333333333333,0.3777777777777778
YIQ,extra,3,8,24,True,L2,theory,distance,0.3,0.3416666666666667
YIQ,extra,3,8,24,True,chi2,theory,distance,0.3333333333333333,0.42888888888888893
YIQ,extra,3,8,24,True,intersection,theory,similarity,0.3333333333333333,0.3777777777777778
YIQ,extra,3,8,24,True,hellinger,theory,similarity,0.3333333333333333,0.4444444444444445
YIQ,extra,3,8,24,True,chebyshev,extra,distance,0.2,0.2605555555555556
YIQ,extra,3,8,24,True,canberra,extra,distance,0.5,0.538888888888889
YIQ,extra,3,8,24,True,bhattacharyya,extra,distance,0.3333333333333333,0.4444444444444445
YIQ,extra,3,8,24,True,kl,extra,distance,0.36666666666666664,0.4555555555555556
YIQ,extra,3,8,24,True,js,extra,distance,0.3333333333333333,0.4444444444444444
YIQ,extra,3,8,24,True,cosine,extra,similarity,0.3,0.3361111111111111
YIQ,extra,3,8,24,True,pearson,extra,similarity,0.3,0.3361111111111111
YIQ,extra,3,8,24,True,emd,extra,distance,0.23333333333333334,0.33722222222222226
YIQ,extra,3,8,24,True,ks,extra,distance,0.16666666666666666,0.24944444444444444
YIQ,extra,3,16,48,False,L1,theory,distance,0.3,0.3472222222222222
YIQ,extra,3,16,48,False,L2,theory,distance,0.3,0.3277777777777777
YIQ,extra,3,16,48,False,chi2,theory,distance,0.4,0.4444444444444445
YIQ,extra,3,16,48,False,intersection,theory,similarity,0.26666666666666666,0.34555555555555556
YIQ,extra,3,16,48,False,hellinger,theory,similarity,0.16666666666666666,0.2122222222222222
YIQ,extra,3,16,48,False,chebyshev,extra,distance,0.23333333333333334,0.3011111111111111
YIQ,extra,3,16,48,False,canberra,extra,distance,0.5,0.5444444444444445
YIQ,extra,3,16,48,False,bhattacharyya,extra,distance,0.16666666666666666,0.2122222222222222
YIQ,extra,3,16,48,False,kl,extra,distance,0.2,0.265
YIQ,extra,3,16,48,False,js,extra,distance,0.4,0.4444444444444445
YIQ,extra,3,16,48,False,cosine,extra,similarity,0.36666666666666664,0.4305555555555555
YIQ,extra,3,16,48,False,pearson,extra,similarity,0.36666666666666664,0.4305555555555555
YIQ,extra,3,16,48,False,emd,extra,distance,0.16666666666666666,0.2
YIQ,extra,3,16,48,False,ks,extra,distance,0.23333333333333334,0.2577777777777778
YIQ,extra,3,16,48,True,L1,theory,distance,0.4,0.5038888888888888
YIQ,extra,3,16,48,True,L2,theory,distance,0.36666666666666664,0.4222222222222222
YIQ,extra,3,16,48,True,chi2,theory,distance,0.43333333333333335,0.515
YIQ,extra,3,16,48,True,intersection,theory,similarity,0.4,0.5038888888888888
YIQ,extra,3,16,48,True,hellinger,theory,similarity,0.4666666666666667,0.5333333333333333
YIQ,extra,3,16,48,True,chebyshev,extra,distance,0.2,0.2916666666666667
YIQ,extra,3,16,48,True,canberra,extra,distance,0.5,0.5722222222222223
YIQ,extra,3,16,48,True,bhattacharyya,extra,distance,0.4666666666666667,0.5333333333333333
YIQ,extra,3,16,48,True,kl,extra,distance,0.5333333333333333,0.5677777777777777
YIQ,extra,3,16,48,True,js,extra,distance,0.4666666666666667,0.5277777777777778
YIQ,extra,3,16,48,True,cosine,extra,similarity,0.36666666666666664,0.4305555555555555
YIQ,extra,3,16,48,True,pearson,extra,similarity,0.36666666666666664,0.4305555555555555
YIQ,extra,3,16,48,True,emd,extra,distance,0.36666666666666664,0.4527777777777778
YIQ,extra,3,16,48,True,ks,extra,distance,0.2,0.27055555555555555
YIQ,extra,3,32,96,False,L1,theory,distance,0.36666666666666664,0.38999999999999996
YIQ,extra,3,32,96,False,L2,theory,distance,0.3,0.33
YIQ,extra,3,32,96,False,chi2,theory,distance,0.4,0.4244444444444444
YIQ,extra,3,32,96,False,intersection,theory,similarity,0.3333333333333333,0.4027777777777778
YIQ,extra,3,32,96,False,hellinger,theory,similarity,0.23333333333333334,0.2511111111111111
YIQ,extra,3,32,96,False,chebyshev,extra,distance,0.23333333333333334,0.25666666666666665
YIQ,extra,3,32,96,False,canberra,extra,distance,0.5,0.5416666666666666
YIQ,extra,3,32,96,False,bhattacharyya,extra,distance,0.23333333333333334,0.2511111111111111
YIQ,extra,3,32,96,False,kl,extra,distance,0.26666666666666666,0.34555555555555556
YIQ,extra,3,32,96,False,js,extra,distance,0.4,0.425
YIQ,extra,3,32,96,False,cosine,extra,similarity,0.43333333333333335,0.47611111111111115
YIQ,extra,3,32,96,False,pearson,extra,similarity,0.43333333333333335,0.47611111111111115
YIQ,extra,3,32,96,False,emd,extra,distance,0.16666666666666666,0.2
YIQ,extra,3,32,96,False,ks,extra,distance,0.23333333333333334,0.26666666666666666
YIQ,extra,3,32,96,True,L1,theory,distance,0.5,0.5566666666666666
YIQ,extra,3,32,96,True,L2,theory,distance,0.4,0.4633333333333333
YIQ,extra,3,32,96,True,chi2,theory,distance,0.5,0.5388888888888889
YIQ,extra,3,32,96,True,intersection,theory,similarity,0.5,0.5566666666666666
YIQ,extra,3,32,96,True,hellinger,theory,similarity,0.4666666666666667,0.5199999999999999
YIQ,extra,3,32,96,True,chebyshev,extra,distance,0.3333333333333333,0.4055555555555556
YIQ,extra,3,32,96,True,canberra,extra,distance,0.5666666666666667,0.6083333333333333
YIQ,extra,3,32,96,True,bhattacharyya,extra,distance,0.4666666666666667,0.5199999999999999
YIQ,extra,3,32,96,True,kl,extra,distance,0.5,0.53
YIQ,extra,3,32,96,True,js,extra,distance,0.4666666666666667,0.5233333333333333
YIQ,extra,3,32,96,True,cosine,extra,similarity,0.43333333333333335,0.47611111111111115
YIQ,extra,3,32,96,True,pearson,extra,similarity,0.43333333333333335,0.47611111111111115
YIQ,extra,3,32,96,True,emd,extra,distance,0.4,0.4727777777777778
YIQ,extra,3,32,96,True,ks,extra,distance,0.23333333333333334,0.3022222222222222
YIQ,extra,3,64,192,False,L1,theory,distance,0.36666666666666664,0.39444444444444443
YIQ,extra,3,64,192,False,L2,theory,distance,0.23333333333333334,0.28444444444444444
YIQ,extra,3,64,192,False,chi2,theory,distance,0.36666666666666664,0.40944444444444444
YIQ,extra,3,64,192,False,intersection,theory,similarity,0.36666666666666664,0.40277777777777773
YIQ,extra,3,64,192,False,hellinger,theory,similarity,0.23333333333333334,0.25833333333333336
YIQ,extra,3,64,192,False,chebyshev,extra,distance,0.1,0.18444444444444444
YIQ,extra,3,64,192,False,canberra,extra,distance,0.5333333333333333,0.5611111111111112
YIQ,extra,3,64,192,False,bhattacharyya,extra,distance,0.23333333333333334,0.25833333333333336
YIQ,extra,3,64,192,False,kl,extra,distance,0.3,0.36111111111111105
YIQ,extra,3,64,192,False,js,extra,distance,0.4,0.42777777777777776
YIQ,extra,3,64,192,False,cosine,extra,similarity,0.26666666666666666,0.305
YIQ,extra,3,64,192,False,pearson,extra,similarity,0.26666666666666666,0.305
YIQ,extra,3,64,192,False,emd,extra,distance,0.16666666666666666,0.19444444444444445
YIQ,extra,3,64,192,False,ks,extra,distance,0.2,0.2277777777777778
YIQ,extra,3,64,192,True,L1,theory,distance,0.43333333333333335,0.5077777777777777
YIQ,extra,3,64,192,True,L2,theory,distance,0.26666666666666666,0.3161111111111111
YIQ,extra,3,64,192,True,chi2,theory,distance,0.4,0.44277777777777777
YIQ,extra,3,64,192,True,intersection,theory,similarity,0.43333333333333335,0.5077777777777777
YIQ,extra,3,64,192,True,hellinger,theory,similarity,0.43333333333333335,0.4677777777777778
YIQ,extra,3,64,192,True,chebyshev,extra,distance,0.23333333333333334,0.26944444444444443
YIQ,extra,3,64,192,True,canberra,extra,distance,0.5333333333333333,0.5777777777777778
YIQ,extra,3,64,192,True,bhattacharyya,extra,distance,0.43333333333333335,0.4677777777777778
YIQ,extra,3,64,192,True,kl,extra,distance,0.43333333333333335,0.49444444444444446
YIQ,extra,3,64,192,True,js,extra,distance,0.43333333333333335,0.4583333333333333
YIQ,extra,3,64,192,True,cosine,extra,similarity,0.26666666666666666,0.305
YIQ,extra,3,64,192,True,pearson,extra,similarity,0.26666666666666666,0.305
YIQ,extra,3,64,192,True,emd,extra,distance,0.4,0.4677777777777778
YIQ,extra,3,64,192,True,ks,extra,distance,0.16666666666666666,0.23555555555555555
YIQ,extra,3,128,384,False,L1,theory,distance,0.3333333333333333,0.3611111111111111
YIQ,extra,3,128,384,False,L2,theory,distance,0.26666666666666666,0.3027777777777778
YIQ,extra,3,128,384,False,chi2,theory,distance,0.36666666666666664,0.4022222222222222
YIQ,extra,3,128,384,False,intersection,theory,similarity,0.36666666666666664,0.40277777777777773
YIQ,extra,3,128,384,False,hellinger,theory,similarity,0.23333333333333334,0.265
YIQ,extra,3,128,384,False,chebyshev,extra,distance,0.13333333333333333,0.15666666666666668
YIQ,extra,3,128,384,False,canberra,extra,distance,0.5333333333333333,0.5583333333333333
YIQ,extra,3,128,384,False,bhattacharyya,extra,distance,0.23333333333333334,0.265
YIQ,extra,3,128,384,False,kl,extra,distance,0.26666666666666666,0.3444444444444444
YIQ,extra,3,128,384,False,js,extra,distance,0.36666666666666664,0.39555555555555555
YIQ,extra,3,128,384,False,cosine,extra,similarity,0.26666666666666666,0.33166666666666667
YIQ,extra,3,128,384,False,pearson,extra,similarity,0.26666666666666666,0.3333333333333333
YIQ,extra,3,128,384,False,emd,extra,distance,0.13333333333333333,0.17777777777777776
YIQ,extra,3,128,384,False,ks,extra,distance,0.2,0.225
YIQ,extra,3,128,384,True,L1,theory,distance,0.43333333333333335,0.5055555555555556
YIQ,extra,3,128,384,True,L2,theory,distance,0.26666666666666666,0.3161111111111111
YIQ,extra,3,128,384,True,chi2,theory,distance,0.4,0.4633333333333333
YIQ,extra,3,128,384,True,intersection,theory,similarity,0.43333333333333335,0.5055555555555556
YIQ,extra,3,128,384,True,hellinger,theory,similarity,0.4,0.43444444444444447
YIQ,extra,3,128,384,True,chebyshev,extra,distance,0.16666666666666666,0.19166666666666668
YIQ,extra,3,128,384,True,canberra,extra,distance,0.5,0.5555555555555556
YIQ,extra,3,128,384,True,bhattacharyya,extra,distance,0.4,0.43444444444444447
YIQ,extra,3,128,384,True,kl,extra,distance,0.4,0.47777777777777775
YIQ,extra,3,128,384,True,js,extra,distance,0.4,0.44500000000000006
YIQ,extra,3,128,384,True,cosine,extra,similarity,0.26666666666666666,0.33166666666666667
YIQ,extra,3,128,384,True,pearson,extra,similarity,0.26666666666666666,0.3333333333333333
YIQ,extra,3,128,384,True,emd,extra,distance,0.4,0.4677777777777778
YIQ,extra,3,128,384,True,ks,extra,distance,0.1,0.19555555555555557
YIQ,extra,3,256,768,False,L1,theory,distance,0.3333333333333333,0.3733333333333333
YIQ,extra,3,256,768,False,L2,theory,distance,0.26666666666666666,0.30111111111111116
YIQ,extra,3,256,768,False,chi2,theory,distance,0.36666666666666664,0.4038888888888889
YIQ,extra,3,256,768,False,intersection,theory,similarity,0.36666666666666664,0.40277777777777773
YIQ,extra,3,256,768,False,hellinger,theory,similarity,0.23333333333333334,0.2761111111111111
YIQ,extra,3,256,768,False,chebyshev,extra,distance,0.1,0.17333333333333334
YIQ,extra,3,256,768,False,canberra,extra,distance,0.5333333333333333,0.5611111111111112
YIQ,extra,3,256,768,False,bhattacharyya,extra,distance,0.23333333333333334,0.2761111111111111
YIQ,extra,3,256,768,False,kl,extra,distance,0.3,0.3555555555555555
YIQ,extra,3,256,768,False,js,extra,distance,0.36666666666666664,0.39555555555555555
YIQ,extra,3,256,768,False,cosine,extra,similarity,0.23333333333333334,0.2972222222222222
YIQ,extra,3,256,768,False,pearson,extra,similarity,0.23333333333333334,0.3
YIQ,extra,3,256,768,False,emd,extra,distance,0.13333333333333333,0.17777777777777776
YIQ,extra,3,256,768,False,ks,extra,distance,0.2,0.225
YIQ,extra,3,256,768,True,L1,theory,distance,0.43333333333333335,0.49166666666666664
YIQ,extra,3,256,768,True,L2,theory,distance,0.23333333333333334,0.2972222222222222
YIQ,extra,3,256,768,True,chi2,theory,distance,0.4,0.4522222222222222
YIQ,extra,3,256,768,True,intersection,theory,similarity,0.43333333333333335,0.49166666666666664
YIQ,extra,3,256,768,True,hellinger,theory,similarity,0.4,0.43166666666666664
YIQ,extra,3,256,768,True,chebyshev,extra,distance,0.2,0.25277777777777777
YIQ,extra,3,256,768,True,canberra,extra,distance,0.5333333333333333,0.5788888888888889
YIQ,extra,3,256,768,True,bhattacharyya,extra,distance,0.4,0.43166666666666664
YIQ,extra,3,256,768,True,kl,extra,distance,0.4,0.4744444444444444
YIQ,extra,3,256,768,True,js,extra,distance,0.4,0.44277777777777777
YIQ,extra,3,256,768,True,cosine,extra,similarity,0.23333333333333334,0.2972222222222222
YIQ,extra,3,256,768,True,pearson,extra,similarity,0.23333333333333334,0.3
YIQ,extra,3,256,768,True,emd,extra,distance,0.4,0.4677777777777778
YIQ,extra,3,256,768,True,ks,extra,distance,0.13333333333333333,0.21222222222222223
YPbPr,extra,3,8,24,False,L1,theory,distance,0.26666666666666666,0.33166666666666667
YPbPr,extra,3,8,24,False,L2,theory,distance,0.26666666666666666,0.28833333333333333
YPbPr,extra,3,8,24,False,chi2,theory,distance,0.3,0.375
YPbPr,extra,3,8,24,False,intersection,theory,similarity,0.26666666666666666,0.30111111111111105
YPbPr,extra,3,8,24,False,hellinger,theory,similarity,0.1,0.11666666666666667
YPbPr,extra,3,8,24,False,chebyshev,extra,distance,0.23333333333333334,0.25
YPbPr,extra,3,8,24,False,canberra,extra,distance,0.43333333333333335,0.5038888888888889
YPbPr,extra,3,8,24,False,bhattacharyya,extra,distance,0.1,0.11666666666666667
YPbPr,extra,3,8,24,False,kl,extra,distance,0.13333333333333333,0.16999999999999998
YPbPr,extra,3,8,24,False,js,extra,distance,0.3,0.375
YPbPr,extra,3,8,24,False,cosine,extra,similarity,0.3333333333333333,0.36944444444444446
YPbPr,extra,3,8,24,False,pearson,extra,similarity,0.3333333333333333,0.36944444444444446
YPbPr,extra,3,8,24,False,emd,extra,distance,0.1,0.14166666666666666
YPbPr,extra,3,8,24,False,ks,extra,distance,0.16666666666666666,0.2
YPbPr,extra,3,8,24,True,L1,theory,distance,0.36666666666666664,0.42055555555555557
YPbPr,extra,3,8,24,True,L2,theory,distance,0.3333333333333333,0.3777777777777777
YPbPr,extra,3,8,24,True,chi2,theory,distance,0.36666666666666664,0.46388888888888885
YPbPr,extra,3,8,24,True,intersection,theory,similarity,0.36666666666666664,0.42055555555555557
YPbPr,extra,3,8,24,True,hellinger,theory,similarity,0.4,0.4777777777777778
YPbPr,extra,3,8,24,True,chebyshev,extra,distance,0.3333333333333333,0.36666666666666664
YPbPr,extra,3,8,24,True,canberra,extra,distance,0.5,0.5694444444444445
YPbPr,extra,3,8,24,True,bhattacharyya,extra,distance,0.4,0.4777777777777778
YPbPr,extra,3,8,24,True,kl,extra,distance,0.4,0.47222222222222227
YPbPr,extra,3,8,24,True,js,extra,distance,0.36666666666666664,0.4622222222222222
YPbPr,extra,3,8,24,True,cosine,extra,similarity,0.3333333333333333,0.36944444444444446
YPbPr,extra,3,8,24,True,pearson,extra,similarity,0.3333333333333333,0.36944444444444446
YPbPr,extra,3,8,24,True,emd,extra,distance,0.36666666666666664,0.42166666666666663
YPbPr,extra,3,8,24,True,ks,extra,distance,0.23333333333333334,0.2966666666666667
YPbPr,extra,3,16,48,False,L1,theory,distance,0.26666666666666666,0.3622222222222222
YPbPr,extra,3,16,48,False,L2,theory,distance,0.26666666666666666,0.3305555555555556
YPbPr,extra,3,16,48,False,chi2,theory,distance,0.3,0.36944444444444446
YPbPr,extra,3,16,48,False,intersection,theory,similarity,0.3,0.3427777777777778
YPbPr,extra,3,16,48,False,hellinger,theory,similarity,0.13333333333333333,0.17444444444444446
YPbPr,extra,3,16,48,False,chebyshev,extra,distance,0.23333333333333334,0.2677777777777778
YPbPr,extra,3,16,48,False,canberra,extra,distance,0.4666666666666667,0.5233333333333334
YPbPr,extra,3,16,48,False,bhattacharyya,extra,distance,0.13333333333333333,0.17444444444444446
YPbPr,extra,3,16,48,False,kl,extra,distance,0.13333333333333333,0.19999999999999998
YPbPr,extra,3,16,48,False,js,extra,distance,0.36666666666666664,0.4027777777777778
YPbPr,extra,3,16,48,False,cosine,extra,similarity,0.3333333333333333,0.38333333333333336
YPbPr,extra,3,16,48,False,pearson,extra,similarity,0.3333333333333333,0.3805555555555556
YPbPr,extra,3,16,48,False,emd,extra,distance,0.13333333333333333,0.18166666666666667
YPbPr,extra,3,16,48,False,ks,extra,distance,0.13333333333333333,0.175
YPbPr,extra,3,16,48,True,L1,theory,distance,0.36666666666666664,0.46499999999999997
YPbPr,extra,3,16,48,True,L2,theory,distance,0.3333333333333333,0.3888888888888889
YPbPr,extra,3,16,48,True,chi2,theory,distance,0.4,0.4677777777777778
YPbPr,extra,3,16,48,True,intersection,theory,similarity,0.36666666666666664,0.46499999999999997
YPbPr,extra,3,16,48,True,hellinger,theory,similarity,0.5,0.5111111111111112
YPbPr,extra,3,16,48,True,chebyshev,extra,distance,0.2,0.27222222222222225
YPbPr,extra,3,16,48,True,canberra,extra,distance,0.5333333333333333,0.6011111111111112
YPbPr,extra,3,16,48,True,bhattacharyya,extra,distance,0.5,0.5111111111111112
YPbPr,extra,3,16,48,True,kl,extra,distance,0.43333333333333335,0.5094444444444445
YPbPr,extra,3,16,48,True,js,extra,distance,0.5,0.5177777777777778
YPbPr,extra,3,16,48,True,cosine,extra,similarity,0.3333333333333333,0.38333333333333336
YPbPr,extra,3,16,48,True,pearson,extra,similarity,0.3333333333333333,0.3805555555555556
YPbPr,extra,3,16,48,True,emd,extra,distance,0.36666666666666664,0.45944444444444443
YPbPr,extra,3,16,48,True,ks,extra,distance,0.16666666666666666,0.2261111111111111
YPbPr,extra,3,32,96,False,L1,theory,distance,0.3333333333333333,0.3861111111111111
YPbPr,extra,3,32,96,False,L2,theory,distance,0.3333333333333333,0.3611111111111111
YPbPr,extra,3,32,96,False,chi2,theory,distance,0.3333333333333333,0.3944444444444445
YPbPr,extra,3,32,96,False,intersection,theory,similarity,0.3,0.3777777777777777
YPbPr,extra,3,32,96,False,hellinger,theory,similarity,0.16666666666666666,0.2111111111111111
YPbPr,extra,3,32,96,False,chebyshev,extra,distance,0.26666666666666666,0.29944444444444446
YPbPr,extra,3,32,96,False,canberra,extra,distance,0.4666666666666667,0.5305555555555556
YPbPr,extra,3,32,96,False,bhattacharyya,extra,distance,0.16666666666666666,0.2111111111111111
YPbPr,extra,3,32,96,False,kl,extra,distance,0.16666666666666666,0.2844444444444444
YPbPr,extra,3,32,96,False,js,extra,distance,0.3333333333333333,0.39166666666666666
YPbPr,extra,3,32,96,False,cosine,extra,similarity,0.3333333333333333,0.39555555555555555
YPbPr,extra,3,32,96,False,pearson,extra,similarity,0.3333333333333333,0.3888888888888889
YPbPr,extra,3,32,96,False,emd,extra,distance,0.13333333333333333,0.19555555555555554
YPbPr,extra,3,32,96,False,ks,extra,distance,0.16666666666666666,0.2027777777777778
YPbPr,extra,3,32,96,True,L1,theory,distance,0.3,0.4194444444444444
YPbPr,extra,3,32,96,True,L2,theory,distance,0.3333333333333333,0.3972222222222222
YPbPr,extra,3,32,96,True,chi2,theory,distance,0.4,0.48166666666666663
YPbPr,extra,3,32,96,True,intersection,theory,similarity,0.3,0.4194444444444444
YPbPr,extra,3,32,96,True,hellinger,theory,similarity,0.43333333333333335,0.4966666666666667
YPbPr,extra,3,32,96,True,chebyshev,extra,distance,0.26666666666666666,0.3277777777777777
YPbPr,extra,3,32,96,True,canberra,extra,distance,0.5,0.5733333333333334
YPbPr,extra,3,32,96,True,bhattacharyya,extra,distance,0.43333333333333335,0.4966666666666667
YPbPr,extra,3,32,96,True,kl,extra,distance,0.4666666666666667,0.5083333333333333
YPbPr,extra,3,32,96,True,js,extra,distance,0.4,0.48166666666666663
YPbPr,extra,3,32,96,True,cosine,extra,similarity,0.3333333333333333,0.39555555555555555
YPbPr,extra,3,32,96,True,pearson,extra,similarity,0.3333333333333333,0.3888888888888889
YPbPr,extra,3,32,96,True,emd,extra,distance,0.4666666666666667,0.5111111111111111
YPbPr,extra,3,32,96,True,ks,extra,distance,0.2,0.2427777777777778
YPbPr,extra,3,64,192,False,L1,theory,distance,0.3,0.3511111111111111
YPbPr,extra,3,64,192,False,L2,theory,distance,0.3,0.3194444444444445
YPbPr,extra,3,64,192,False,chi2,theory,distance,0.3,0.35666666666666663
YPbPr,extra,3,64,192,False,intersection,theory,similarity,0.3333333333333333,0.39166666666666666
YPbPr,extra,3,64,192,False,hellinger,theory,similarity,0.16666666666666666,0.225
YPbPr,extra,3,64,192,False,chebyshev,extra,distance,0.26666666666666666,0.2833333333333333
YPbPr,extra,3,64,192,False,canberra,extra,distance,0.4666666666666667,0.5305555555555556
YPbPr,extra,3,64,192,False,bhattacharyya,extra,distance,0.16666666666666666,0.225
YPbPr,extra,3,64,192,False,kl,extra,distance,0.16666666666666666,0.2972222222222222
YPbPr,extra,3,64,192,False,js,extra,distance,0.3,0.36333333333333334
YPbPr,extra,3,64,192,False,cosine,extra,similarity,0.3333333333333333,0.3844444444444444
YPbPr,extra,3,64,192,False,pearson,extra,similarity,0.3333333333333333,0.3844444444444444
YPbPr,extra,3,64,192,False,emd,extra,distance,0.13333333333333333,0.19722222222222222
YPbPr,extra,3,64,192,False,ks,extra,distance,0.2,0.2277777777777778
YPbPr,extra,3,64,192,True,L1,theory,distance,0.4,0.5011111111111111
YPbPr,extra,3,64,192,True,L2,theory,distance,0.3333333333333333,0.38611111111111107
YPbPr,extra,3,64,192,True,chi2,theory,distance,0.36666666666666664,0.45666666666666667
YPbPr,extra,3,64,192,True,intersection,theory,similarity,0.4,0.5011111111111111
YPbPr,extra,3,64,192,True,hellinger,theory,similarity,0.43333333333333335,0.48611111111111105
YPbPr,extra,3,64,192,True,chebyshev,extra,distance,0.26666666666666666,0.33888888888888885
YPbPr,extra,3,64,192,True,canberra,extra,distance,0.5,0.5694444444444444
YPbPr,extra,3,64,192,True,bhattacharyya,extra,distance,0.43333333333333335,0.48611111111111105
YPbPr,extra,3,64,192,True,kl,extra,distance,0.43333333333333335,0.4888888888888889
YPbPr,extra,3,64,192,True,js,extra,distance,0.4,0.47333333333333333
YPbPr,extra,3,64,192,True,cosine,extra,similarity,0.3333333333333333,0.3844444444444444
YPbPr,extra,3,64,192,True,pearson,extra,similarity,0.3333333333333333,0.3844444444444444
YPbPr,extra,3,64,192,True,emd,extra,distance,0.4666666666666667,0.52
YPbPr,extra,3,64,192,True,ks,extra,distance,0.2,0.2677777777777778
YPbPr,extra,3,128,384,False,L1,theory,distance,0.26666666666666666,0.33888888888888885
YPbPr,extra,3,128,384,False,L2,theory,distance,0.23333333333333334,0.275
YPbPr,extra,3,128,384,False,chi2,theory,distance,0.3,0.34833333333333333
YPbPr,extra,3,128,384,False,intersection,theory,similarity,0.4,0.43333333333333335
YPbPr,extra,3,128,384,False,hellinger,theory,similarity,0.16666666666666666,0.21944444444444444
YPbPr,extra,3,128,384,False,chebyshev,extra,distance,0.2,0.23333333333333334
YPbPr,extra,3,128,384,False,canberra,extra,distance,0.4666666666666667,0.5277777777777778
YPbPr,extra,3,128,384,False,bhattacharyya,extra,distance,0.16666666666666666,0.21944444444444444
YPbPr,extra,3,128,384,False,kl,extra,distance,0.16666666666666666,0.29444444444444445
YPbPr,extra,3,128,384,False,js,extra,distance,0.3,0.34833333333333333
YPbPr,extra,3,128,384,False,cosine,extra,similarity,0.26666666666666666,0.3011111111111111
YPbPr,extra,3,128,384,False,pearson,extra,similarity,0.26666666666666666,0.3011111111111111
YPbPr,extra,3,128,384,False,emd,extra,distance,0.13333333333333333,0.19722222222222222
YPbPr,extra,3,128,384,False,ks,extra,distance,0.2,0.2277777777777778
YPbPr,extra,3,128,384,True,L1,theory,distance,0.36666666666666664,0.4722222222222222
YPbPr,extra,3,128,384,True,L2,theory,distance,0.3,0.3194444444444444
YPbPr,extra,3,128,384,True,chi2,theory,distance,0.3333333333333333,0.4011111111111111
YPbPr,extra,3,128,384,True,intersection,theory,similarity,0.36666666666666664,0.4722222222222222
YPbPr,extra,3,128,384,True,hellinger,theory,similarity,0.36666666666666664,0.41111111111111115
YPbPr,extra,3,128,384,True,chebyshev,extra,distance,0.2,0.275
YPbPr,extra,3,128,384,True,canberra,extra,distance,0.5,0.5583333333333333
YPbPr,extra,3,128,384,True,bhattacharyya,extra,distance,0.36666666666666664,0.41111111111111115
YPbPr,extra,3,128,384,True,kl,extra,distance,0.4,0.45555555555555555
YPbPr,extra,3,128,384,True,js,extra,distance,0.3333333333333333,0.3944444444444445
YPbPr,extra,3,128,384,True,cosine,extra,similarity,0.26666666666666666,0.3011111111111111
YPbPr,extra,3,128,384,True,pearson,extra,similarity,0.26666666666666666,0.3011111111111111
YPbPr,extra,3,128,384,True,emd,extra,distance,0.4666666666666667,0.5077777777777778
YPbPr,extra,3,128,384,True,ks,extra,distance,0.2,0.24444444444444446
YPbPr,extra,3,256,768,False,L1,theory,distance,0.26666666666666666,0.3194444444444444
YPbPr,extra,3,256,768,False,L2,theory,distance,0.26666666666666666,0.28888888888888886
YPbPr,extra,3,256,768,False,chi2,theory,distance,0.3,0.3466666666666667
YPbPr,extra,3,256,768,False,intersection,theory,similarity,0.4,0.4066666666666666
YPbPr,extra,3,256,768,False,hellinger,theory,similarity,0.16666666666666666,0.23166666666666666
YPbPr,extra,3,256,768,False,chebyshev,extra,distance,0.26666666666666666,0.3
YPbPr,extra,3,256,768,False,canberra,extra,distance,0.4666666666666667,0.5277777777777778
YPbPr,extra,3,256,768,False,bhattacharyya,extra,distance,0.16666666666666666,0.23166666666666666
YPbPr,extra,3,256,768,False,kl,extra,distance,0.23333333333333334,0.33166666666666667
YPbPr,extra,3,256,768,False,js,extra,distance,0.3,0.3333333333333333
YPbPr,extra,3,256,768,False,cosine,extra,similarity,0.26666666666666666,0.2833333333333333
YPbPr,extra,3,256,768,False,pearson,extra,similarity,0.26666666666666666,0.2833333333333333
YPbPr,extra,3,256,768,False,emd,extra,distance,0.13333333333333333,0.19722222222222222
YPbPr,extra,3,256,768,False,ks,extra,distance,0.2,0.2277777777777778
YPbPr,extra,3,256,768,True,L1,theory,distance,0.3,0.415
YPbPr,extra,3,256,768,True,L2,theory,distance,0.26666666666666666,0.28444444444444444
YPbPr,extra,3,256,768,True,chi2,theory,distance,0.3333333333333333,0.39166666666666666
YPbPr,extra,3,256,768,True,intersection,theory,similarity,0.3,0.415
YPbPr,extra,3,256,768,True,hellinger,theory,similarity,0.3333333333333333,0.3844444444444444
YPbPr,extra,3,256,768,True,chebyshev,extra,distance,0.2,0.2577777777777778
YPbPr,extra,3,256,768,True,canberra,extra,distance,0.4666666666666667,0.5388888888888889
YPbPr,extra,3,256,768,True,bhattacharyya,extra,distance,0.3333333333333333,0.3844444444444444
YPbPr,extra,3,256,768,True,kl,extra,distance,0.3333333333333333,0.41444444444444445
YPbPr,extra,3,256,768,True,js,extra,distance,0.3333333333333333,0.38166666666666665
YPbPr,extra,3,256,768,True,cosine,extra,similarity,0.26666666666666666,0.2833333333333333
YPbPr,extra,3,256,768,True,pearson,extra,similarity,0.26666666666666666,0.2833333333333333
YPbPr,extra,3,256,768,True,emd,extra,distance,0.43333333333333335,0.49111111111111116
YPbPr,extra,3,256,768,True,ks,extra,distance,0.2,0.25
YDbDr,extra,3,8,24,False,L1,theory,distance,0.26666666666666666,0.33166666666666667
YDbDr,extra,3,8,24,False,L2,theory,distance,0.26666666666666666,0.28833333333333333
YDbDr,extra,3,8,24,False,chi2,theory,distance,0.3,0.375
YDbDr,extra,3,8,24,False,intersection,theory,similarity,0.26666666666666666,0.30111111111111105
YDbDr,extra,3,8,24,False,hellinger,theory,similarity,0.1,0.11666666666666667
YDbDr,extra,3,8,24,False,chebyshev,extra,distance,0.23333333333333334,0.25
YDbDr,extra,3,8,24,False,canberra,extra,distance,0.43333333333333335,0.4955555555555556
YDbDr,extra,3,8,24,False,bhattacharyya,extra,distance,0.1,0.11666666666666667
YDbDr,extra,3,8,24,False,kl,extra,distance,0.13333333333333333,0.1766666666666667
YDbDr,extra,3,8,24,False,js,extra,distance,0.3,0.375
YDbDr,extra,3,8,24,False,cosine,extra,similarity,0.3333333333333333,0.36944444444444446
YDbDr,extra,3,8,24,False,pearson,extra,similarity,0.3333333333333333,0.36944444444444446
YDbDr,extra,3,8,24,False,emd,extra,distance,0.1,0.15833333333333333
YDbDr,extra,3,8,24,False,ks,extra,distance,0.13333333333333333,0.18333333333333332
YDbDr,extra,3,8,24,True,L1,theory,distance,0.36666666666666664,0.42055555555555557
YDbDr,extra,3,8,24,True,L2,theory,distance,0.3333333333333333,0.3777777777777777
YDbDr,extra,3,8,24,True,chi2,theory,distance,0.36666666666666664,0.46388888888888885
YDbDr,extra,3,8,24,True,intersection,theory,similarity,0.36666666666666664,0.42055555555555557
YDbDr,extra,3,8,24,True,hellinger,theory,similarity,0.4,0.4777777777777778
YDbDr,extra,3,8,24,True,chebyshev,extra,distance,0.3333333333333333,0.36666666666666664
YDbDr,extra,3,8,24,True,canberra,extra,distance,0.5,0.5694444444444445
YDbDr,extra,3,8,24,True,bhattacharyya,extra,distance,0.4,0.4777777777777778
YDbDr,extra,3,8,24,True,kl,extra,distance,0.4,0.47222222222222227
YDbDr,extra,3,8,24,True,js,extra,distance,0.36666666666666664,0.4622222222222222
YDbDr,extra,3,8,24,True,cosine,extra,similarity,0.3333333333333333,0.36944444444444446
YDbDr,extra,3,8,24,True,pearson,extra,similarity,0.3333333333333333,0.36944444444444446
YDbDr,extra,3,8,24,True,emd,extra,distance,0.36666666666666664,0.42166666666666663
YDbDr,extra,3,8,24,True,ks,extra,distance,0.23333333333333334,0.2966666666666667
YDbDr,extra,3,16,48,False,L1,theory,distance,0.26666666666666666,0.3622222222222222
YDbDr,extra,3,16,48,False,L2,theory,distance,0.26666666666666666,0.3305555555555556
YDbDr,extra,3,16,48,False,chi2,theory,distance,0.3,0.36944444444444446
YDbDr,extra,3,16,48,False,intersection,theory,similarity,0.3,0.3427777777777778
YDbDr,extra,3,16,48,False,hellinger,theory,similarity,0.13333333333333333,0.17444444444444446
YDbDr,extra,3,16,48,False,chebyshev,extra,distance,0.23333333333333334,0.2677777777777778
YDbDr,extra,3,16,48,False,canberra,extra,distance,0.4666666666666667,0.5233333333333334
YDbDr,extra,3,16,48,False,bhattacharyya,extra,distance,0.13333333333333333,0.17444444444444446
YDbDr,extra,3,16,48,False,kl,extra,distance,0.13333333333333333,0.19999999999999998
YDbDr,extra,3,16,48,False,js,extra,distance,0.36666666666666664,0.4027777777777778
YDbDr,extra,3,16,48,False,cosine,extra,similarity,0.3333333333333333,0.38333333333333336
YDbDr,extra,3,16,48,False,pearson,extra,similarity,0.3333333333333333,0.3805555555555556
YDbDr,extra,3,16,48,False,emd,extra,distance,0.13333333333333333,0.19
YDbDr,extra,3,16,48,False,ks,extra,distance,0.1,0.1511111111111111
YDbDr,extra,3,16,48,True,L1,theory,distance,0.36666666666666664,0.46499999999999997
YDbDr,extra,3,16,48,True,L2,theory,distance,0.3333333333333333,0.3888888888888889
YDbDr,extra,3,16,48,True,chi2,theory,distance,0.4,0.4677777777777778
YDbDr,extra,3,16,48,True,intersection,theory,similarity,0.36666666666666664,0.46499999999999997
YDbDr,extra,3,16,48,True,hellinger,theory,similarity,0.5,0.5111111111111112
YDbDr,extra,3,16,48,True,chebyshev,extra,distance,0.2,0.27222222222222225
YDbDr,extra,3,16,48,True,canberra,extra,distance,0.5333333333333333,0.5927777777777778
YDbDr,extra,3,16,48,True,bhattacharyya,extra,distance,0.5,0.5111111111111112
YDbDr,extra,3,16,48,True,kl,extra,distance,0.43333333333333335,0.5094444444444445
YDbDr,extra,3,16,48,True,js,extra,distance,0.5,0.5177777777777778
YDbDr,extra,3,16,48,True,cosine,extra,similarity,0.3333333333333333,0.38333333333333336
YDbDr,extra,3,16,48,True,pearson,extra,similarity,0.3333333333333333,0.3805555555555556
YDbDr,extra,3,16,48,True,emd,extra,distance,0.36666666666666664,0.45944444444444443
YDbDr,extra,3,16,48,True,ks,extra,distance,0.16666666666666666,0.2261111111111111
YDbDr,extra,3,32,96,False,L1,theory,distance,0.3333333333333333,0.3861111111111111
YDbDr,extra,3,32,96,False,L2,theory,distance,0.3333333333333333,0.3611111111111111
YDbDr,extra,3,32,96,False,chi2,theory,distance,0.3333333333333333,0.3944444444444445
YDbDr,extra,3,32,96,False,intersection,theory,similarity,0.3,0.3777777777777777
YDbDr,extra,3,32,96,False,hellinger,theory,similarity,0.16666666666666666,0.2111111111111111
YDbDr,extra,3,32,96,False,chebyshev,extra,distance,0.26666666666666666,0.29944444444444446
YDbDr,extra,3,32,96,False,canberra,extra,distance,0.4666666666666667,0.5361111111111112
YDbDr,extra,3,32,96,False,bhattacharyya,extra,distance,0.16666666666666666,0.2111111111111111
YDbDr,extra,3,32,96,False,kl,extra,distance,0.16666666666666666,0.2844444444444444
YDbDr,extra,3,32,96,False,js,extra,distance,0.3333333333333333,0.39166666666666666
YDbDr,extra,3,32,96,False,cosine,extra,similarity,0.3333333333333333,0.39555555555555555
YDbDr,extra,3,32,96,False,pearson,extra,similarity,0.3333333333333333,0.3888888888888889
YDbDr,extra,3,32,96,False,emd,extra,distance,0.13333333333333333,0.19666666666666668
YDbDr,extra,3,32,96,False,ks,extra,distance,0.13333333333333333,0.18611111111111114
YDbDr,extra,3,32,96,True,L1,theory,distance,0.3,0.4194444444444444
YDbDr,extra,3,32,96,True,L2,theory,distance,0.3333333333333333,0.3972222222222222
YDbDr,extra,3,32,96,True,chi2,theory,distance,0.4,0.48166666666666663
YDbDr,extra,3,32,96,True,intersection,theory,similarity,0.3,0.4194444444444444
YDbDr,extra,3,32,96,True,hellinger,theory,similarity,0.43333333333333335,0.4966666666666667
YDbDr,extra,3,32,96,True,chebyshev,extra,distance,0.26666666666666666,0.3277777777777777
YDbDr,extra,3,32,96,True,canberra,extra,distance,0.5,0.5733333333333334
YDbDr,extra,3,32,96,True,bhattacharyya,extra,distance,0.43333333333333335,0.4966666666666667
YDbDr,extra,3,32,96,True,kl,extra,distance,0.4666666666666667,0.5083333333333333
YDbDr,extra,3,32,96,True,js,extra,distance,0.4,0.48166666666666663
YDbDr,extra,3,32,96,True,cosine,extra,similarity,0.3333333333333333,0.39555555555555555
YDbDr,extra,3,32,96,True,pearson,extra,similarity,0.3333333333333333,0.3888888888888889
YDbDr,extra,3,32,96,True,emd,extra,distance,0.4666666666666667,0.5111111111111111
YDbDr,extra,3,32,96,True,ks,extra,distance,0.2,0.2427777777777778
YDbDr,extra,3,64,192,False,L1,theory,distance,0.3,0.3511111111111111
YDbDr,extra,3,64,192,False,L2,theory,distance,0.3,0.3194444444444445
YDbDr,extra,3,64,192,False,chi2,theory,distance,0.3,0.35666666666666663
YDbDr,extra,3,64,192,False,intersection,theory,similarity,0.3333333333333333,0.39166666666666666
YDbDr,extra,3,64,192,False,hellinger,theory,similarity,0.16666666666666666,0.225
YDbDr,extra,3,64,192,False,chebyshev,extra,distance,0.26666666666666666,0.2833333333333333
YDbDr,extra,3,64,192,False,canberra,extra,distance,0.4666666666666667,0.5305555555555556
YDbDr,extra,3,64,192,False,bhattacharyya,extra,distance,0.16666666666666666,0.225
YDbDr,extra,3,64,192,False,kl,extra,distance,0.16666666666666666,0.2972222222222222
YDbDr,extra,3,64,192,False,js,extra,distance,0.3,0.36333333333333334
YDbDr,extra,3,64,192,False,cosine,extra,similarity,0.3333333333333333,0.3844444444444444
YDbDr,extra,3,64,192,False,pearson,extra,similarity,0.3333333333333333,0.3844444444444444
YDbDr,extra,3,64,192,False,emd,extra,distance,0.13333333333333333,0.19833333333333333
YDbDr,extra,3,64,192,False,ks,extra,distance,0.16666666666666666,0.21666666666666667
YDbDr,extra,3,64,192,True,L1,theory,distance,0.4,0.5011111111111111
YDbDr,extra,3,64,192,True,L2,theory,distance,0.3333333333333333,0.38611111111111107
YDbDr,extra,3,64,192,True,chi2,theory,distance,0.36666666666666664,0.45666666666666667
YDbDr,extra,3,64,192,True,intersection,theory,similarity,0.4,0.5011111111111111
YDbDr,extra,3,64,192,True,hellinger,theory,similarity,0.43333333333333335,0.48611111111111105
YDbDr,extra,3,64,192,True,chebyshev,extra,distance,0.26666666666666666,0.3361111111111111
YDbDr,extra,3,64,192,True,canberra,extra,distance,0.5,0.5722222222222222
YDbDr,extra,3,64,192,True,bhattacharyya,extra,distance,0.43333333333333335,0.48611111111111105
YDbDr,extra,3,64,192,True,kl,extra,distance,0.43333333333333335,0.4888888888888889
YDbDr,extra,3,64,192,True,js,extra,distance,0.4,0.47333333333333333
YDbDr,extra,3,64,192,True,cosine,extra,similarity,0.3333333333333333,0.3844444444444444
YDbDr,extra,3,64,192,True,pearson,extra,similarity,0.3333333333333333,0.3844444444444444
YDbDr,extra,3,64,192,True,emd,extra,distance,0.4666666666666667,0.52
YDbDr,extra,3,64,192,True,ks,extra,distance,0.2,0.2677777777777778
YDbDr,extra,3,128,384,False,L1,theory,distance,0.26666666666666666,0.33888888888888885
YDbDr,extra,3,128,384,False,L2,theory,distance,0.23333333333333334,0.275
YDbDr,extra,3,128,384,False,chi2,theory,distance,0.3,0.34833333333333333
YDbDr,extra,3,128,384,False,intersection,theory,similarity,0.4,0.43333333333333335
YDbDr,extra,3,128,384,False,hellinger,theory,similarity,0.16666666666666666,0.21944444444444444
YDbDr,extra,3,128,384,False,chebyshev,extra,distance,0.2,0.23333333333333334
YDbDr,extra,3,128,384,False,canberra,extra,distance,0.4666666666666667,0.5277777777777778
YDbDr,extra,3,128,384,False,bhattacharyya,extra,distance,0.16666666666666666,0.21944444444444444
YDbDr,extra,3,128,384,False,kl,extra,distance,0.16666666666666666,0.29444444444444445
YDbDr,extra,3,128,384,False,js,extra,distance,0.3,0.34833333333333333
YDbDr,extra,3,128,384,False,cosine,extra,similarity,0.26666666666666666,0.3011111111111111
YDbDr,extra,3,128,384,False,pearson,extra,similarity,0.26666666666666666,0.3011111111111111
YDbDr,extra,3,128,384,False,emd,extra,distance,0.13333333333333333,0.19833333333333333
YDbDr,extra,3,128,384,False,ks,extra,distance,0.16666666666666666,0.21666666666666667
YDbDr,extra,3,128,384,True,L1,theory,distance,0.36666666666666664,0.4722222222222222
YDbDr,extra,3,128,384,True,L2,theory,distance,0.3,0.3194444444444444
YDbDr,extra,3,128,384,True,chi2,theory,distance,0.3333333333333333,0.4011111111111111
YDbDr,extra,3,128,384,True,intersection,theory,similarity,0.36666666666666664,0.4722222222222222
YDbDr,extra,3,128,384,True,hellinger,theory,similarity,0.36666666666666664,0.41111111111111115
YDbDr,extra,3,128,384,True,chebyshev,extra,distance,0.2,0.275
YDbDr,extra,3,128,384,True,canberra,extra,distance,0.5,0.5583333333333333
YDbDr,extra,3,128,384,True,bhattacharyya,extra,distance,0.36666666666666664,0.41111111111111115
YDbDr,extra,3,128,384,True,kl,extra,distance,0.4,0.45555555555555555
YDbDr,extra,3,128,384,True,js,extra,distance,0.3333333333333333,0.3944444444444445
YDbDr,extra,3,128,384,True,cosine,extra,similarity,0.26666666666666666,0.3011111111111111
YDbDr,extra,3,128,384,True,pearson,extra,similarity,0.26666666666666666,0.3011111111111111
YDbDr,extra,3,128,384,True,emd,extra,distance,0.4666666666666667,0.5077777777777778
YDbDr,extra,3,128,384,True,ks,extra,distance,0.2,0.24444444444444446
YDbDr,extra,3,256,768,False,L1,theory,distance,0.26666666666666666,0.3194444444444444
YDbDr,extra,3,256,768,False,L2,theory,distance,0.26666666666666666,0.29444444444444445
YDbDr,extra,3,256,768,False,chi2,theory,distance,0.3,0.3466666666666667
YDbDr,extra,3,256,768,False,intersection,theory,similarity,0.4,0.4066666666666666
YDbDr,extra,3,256,768,False,hellinger,theory,similarity,0.16666666666666666,0.23333333333333334
YDbDr,extra,3,256,768,False,chebyshev,extra,distance,0.26666666666666666,0.3
YDbDr,extra,3,256,768,False,canberra,extra,distance,0.4666666666666667,0.5277777777777778
YDbDr,extra,3,256,768,False,bhattacharyya,extra,distance,0.16666666666666666,0.23333333333333334
YDbDr,extra,3,256,768,False,kl,extra,distance,0.23333333333333334,0.33166666666666667
YDbDr,extra,3,256,768,False,js,extra,distance,0.3,0.3333333333333333
YDbDr,extra,3,256,768,False,cosine,extra,similarity,0.26666666666666666,0.29
YDbDr,extra,3,256,768,False,pearson,extra,similarity,0.26666666666666666,0.2833333333333333
YDbDr,extra,3,256,768,False,emd,extra,distance,0.13333333333333333,0.19833333333333333
YDbDr,extra,3,256,768,False,ks,extra,distance,0.16666666666666666,0.21666666666666667
YDbDr,extra,3,256,768,True,L1,theory,distance,0.3,0.415
YDbDr,extra,3,256,768,True,L2,theory,distance,0.26666666666666666,0.28444444444444444
YDbDr,extra,3,256,768,True,chi2,theory,distance,0.3,0.375
YDbDr,extra,3,256,768,True,intersection,theory,similarity,0.3,0.415
YDbDr,extra,3,256,768,True,hellinger,theory,similarity,0.3,0.365
YDbDr,extra,3,256,768,True,chebyshev,extra,distance,0.2,0.2577777777777778
YDbDr,extra,3,256,768,True,canberra,extra,distance,0.4666666666666667,0.5388888888888889
YDbDr,extra,3,256,768,True,bhattacharyya,extra,distance,0.3,0.365
YDbDr,extra,3,256,768,True,kl,extra,distance,0.3333333333333333,0.41444444444444445
YDbDr,extra,3,256,768,True,js,extra,distance,0.3,0.365
YDbDr,extra,3,256,768,True,cosine,extra,similarity,0.26666666666666666,0.29
YDbDr,extra,3,256,768,True,pearson,extra,similarity,0.26666666666666666,0.2833333333333333
YDbDr,extra,3,256,768,True,emd,extra,distance,0.43333333333333335,0.49111111111111116
YDbDr,extra,3,256,768,True,ks,extra,distance,0.2,0.25
Opponent,extra,3,8,24,False,L1,theory,distance,0.3333333333333333,0.3761111111111111
Opponent,extra,3,8,24,False,L2,theory,distance,0.3333333333333333,0.34444444444444444
Opponent,extra,3,8,24,False,chi2,theory,distance,0.3,0.38333333333333336
Opponent,extra,3,8,24,False,intersection,theory,similarity,0.26666666666666666,0.3194444444444444
Opponent,extra,3,8,24,False,hellinger,theory,similarity,0.1,0.13444444444444445
Opponent,extra,3,8,24,False,chebyshev,extra,distance,0.3333333333333333,0.3333333333333333
Opponent,extra,3,8,24,False,canberra,extra,distance,0.4,0.4455555555555556
Opponent,extra,3,8,24,False,bhattacharyya,extra,distance,0.1,0.13444444444444445
Opponent,extra,3,8,24,False,kl,extra,distance,0.2,0.21777777777777776
Opponent,extra,3,8,24,False,js,extra,distance,0.3333333333333333,0.4
Opponent,extra,3,8,24,False,cosine,extra,similarity,0.3,0.3944444444444445
Opponent,extra,3,8,24,False,pearson,extra,similarity,0.3,0.38999999999999996
Opponent,extra,3,8,24,False,emd,extra,distance,0.13333333333333333,0.2
Opponent,extra,3,8,24,False,ks,extra,distance,0.23333333333333334,0.24000000000000002
Opponent,extra,3,8,24,True,L1,theory,distance,0.36666666666666664,0.4483333333333333
Opponent,extra,3,8,24,True,L2,theory,distance,0.3333333333333333,0.4166666666666667
Opponent,extra,3,8,24,True,chi2,theory,distance,0.43333333333333335,0.47777777777777775
Opponent,extra,3,8,24,True,intersection,theory,similarity,0.36666666666666664,0.4483333333333333
Opponent,extra,3,8,24,True,hellinger,theory,similarity,0.4666666666666667,0.5066666666666666
Opponent,extra,3,8,24,True,chebyshev,extra,distance,0.3,0.3777777777777777
Opponent,extra,3,8,24,True,canberra,extra,distance,0.4666666666666667,0.5077777777777778
Opponent,extra,3,8,24,True,bhattacharyya,extra,distance,0.4666666666666667,0.5066666666666666
Opponent,extra,3,8,24,True,kl,extra,distance,0.43333333333333335,0.48333333333333334
Opponent,extra,3,8,24,True,js,extra,distance,0.4666666666666667,0.5066666666666666
Opponent,extra,3,8,24,True,cosine,extra,similarity,0.3,0.3944444444444445
Opponent,extra,3,8,24,True,pearson,extra,similarity,0.3,0.38999999999999996
Opponent,extra,3,8,24,True,emd,extra,distance,0.36666666666666664,0.42055555555555557
Opponent,extra,3,8,24,True,ks,extra,distance,0.23333333333333334,0.2983333333333333
Opponent,extra,3,16,48,False,L1,theory,distance,0.36666666666666664,0.41111111111111115
Opponent,extra,3,16,48,False,L2,theory,distance,0.4,0.4166666666666667
Opponent,extra,3,16,48,False,chi2,theory,distance,0.36666666666666664,0.4055555555555556
Opponent,extra,3,16,48,False,intersection,theory,similarity,0.3333333333333333,0.41111111111111115
Opponent,extra,3,16,48,False,hellinger,theory,similarity,0.13333333333333333,0.15833333333333333
Opponent,extra,3,16,48,False,chebyshev,extra,distance,0.36666666666666664,0.39444444444444443
Opponent,extra,3,16,48,False,canberra,extra,distance,0.4,0.5
Opponent,extra,3,16,48,False,bhattacharyya,extra,distance,0.13333333333333333,0.15833333333333333
Opponent,extra,3,16,48,False,kl,extra,distance,0.2,0.2805555555555556
Opponent,extra,3,16,48,False,js,extra,distance,0.36666666666666664,0.4083333333333333
Opponent,extra,3,16,48,False,cosine,extra,similarity,0.36666666666666664,0.425
Opponent,extra,3,16,48,False,pearson,extra,similarity,0.36666666666666664,0.425
Opponent,extra,3,16,48,False,emd,extra,distance,0.16666666666666666,0.2222222222222222
Opponent,extra,3,16,48,False,ks,extra,distance,0.23333333333333334,0.24166666666666667
Opponent,extra,3,16,48,True,L1,theory,distance,0.4,0.48333333333333334
Opponent,extra,3,16,48,True,L2,theory,distance,0.36666666666666664,0.425
Opponent,extra,3,16,48,True,chi2,theory,distance,0.43333333333333335,0.48166666666666663
Opponent,extra,3,16,48,True,intersection,theory,similarity,0.4,0.48333333333333334
Opponent,extra,3,16,48,True,hellinger,theory,similarity,0.4666666666666667,0.5066666666666666
Opponent,extra,3,16,48,True,chebyshev,extra,distance,0.4,0.4277777777777778
Opponent,extra,3,16,48,True,canberra,extra,distance,0.43333333333333335,0.5216666666666667
Opponent,extra,3,16,48,True,bhattacharyya,extra,distance,0.4666666666666667,0.5066666666666666
Opponent,extra,3,16,48,True,kl,extra,distance,0.4666666666666667,0.5027777777777778
Opponent,extra,3,16,48,True,js,extra,distance,0.4666666666666667,0.5066666666666666
Opponent,extra,3,16,48,True,cosine,extra,similarity,0.36666666666666664,0.425
Opponent,extra,3,16,48,True,pearson,extra,similarity,0.36666666666666664,0.425
Opponent,extra,3,16,48,True,emd,extra,distance,0.36666666666666664,0.4466666666666666
Opponent,extra,3,16,48,True,ks,extra,distance,0.26666666666666666,0.30388888888888893
Opponent,extra,3,32,96,False,L1,theory,distance,0.26666666666666666,0.3333333333333333
Opponent,extra,3,32,96,False,L2,theory,distance,0.3,0.3277777777777777
Opponent,extra,3,32,96,False,chi2,theory,distance,0.3,0.3733333333333333
Opponent,extra,3,32,96,False,intersection,theory,similarity,0.26666666666666666,0.33611111111111114
Opponent,extra,3,32,96,False,hellinger,theory,similarity,0.16666666666666666,0.21944444444444444
Opponent,extra,3,32,96,False,chebyshev,extra,distance,0.23333333333333334,0.275
Opponent,extra,3,32,96,False,canberra,extra,distance,0.43333333333333335,0.5277777777777778
Opponent,extra,3,32,96,False,bhattacharyya,extra,distance,0.16666666666666666,0.21944444444444444
Opponent,extra,3,32,96,False,kl,extra,distance,0.16666666666666666,0.27055555555555555
Opponent,extra,3,32,96,False,js,extra,distance,0.3,0.38166666666666665
Opponent,extra,3,32,96,False,cosine,extra,similarity,0.3,0.3416666666666667
Opponent,extra,3,32,96,False,pearson,extra,similarity,0.3,0.3416666666666667
Opponent,extra,3,32,96,False,emd,extra,distance,0.13333333333333333,0.2
Opponent,extra,3,32,96,False,ks,extra,distance,0.16666666666666666,0.2038888888888889
Opponent,extra,3,32,96,True,L1,theory,distance,0.4,0.45944444444444443
Opponent,extra,3,32,96,True,L2,theory,distance,0.3333333333333333,0.36333333333333334
Opponent,extra,3,32,96,True,chi2,theory,distance,0.36666666666666664,0.4538888888888889
Opponent,extra,3,32,96,True,intersection,theory,similarity,0.4,0.45944444444444443
Opponent,extra,3,32,96,True,hellinger,theory,similarity,0.4,0.46499999999999997
Opponent,extra,3,32,96,True,chebyshev,extra,distance,0.26666666666666666,0.2916666666666667
Opponent,extra,3,32,96,True,canberra,extra,distance,0.4666666666666667,0.5472222222222222
Opponent,extra,3,32,96,True,bhattacharyya,extra,distance,0.4,0.46499999999999997
Opponent,extra,3,32,96,True,kl,extra,distance,0.4,0.4694444444444444
Opponent,extra,3,32,96,True,js,extra,distance,0.4,0.4555555555555556
Opponent,extra,3,32,96,True,cosine,extra,similarity,0.3,0.3416666666666667
Opponent,extra,3,32,96,True,pearson,extra,similarity,0.3,0.3416666666666667
Opponent,extra,3,32,96,True,emd,extra,distance,0.4,0.47
Opponent,extra,3,32,96,True,ks,extra,distance,0.16666666666666666,0.21222222222222223
Opponent,extra,3,64,192,False,L1,theory,distance,0.3333333333333333,0.3966666666666666
Opponent,extra,3,64,192,False,L2,theory,distance,0.3,0.3333333333333333
Opponent,extra,3,64,192,False,chi2,theory,distance,0.3,0.38555555555555554
Opponent,extra,3,64,192,False,intersection,theory,similarity,0.36666666666666664,0.41388888888888886
Opponent,extra,3,64,192,False,hellinger,theory,similarity,0.16666666666666666,0.22777777777777777
Opponent,extra,3,64,192,False,chebyshev,extra,distance,0.23333333333333334,0.2511111111111111
Opponent,extra,3,64,192,False,canberra,extra,distance,0.43333333333333335,0.5344444444444444
Opponent,extra,3,64,192,False,bhattacharyya,extra,distance,0.16666666666666666,0.22777777777777777
Opponent,extra,3,64,192,False,kl,extra,distance,0.26666666666666666,0.365
Opponent,extra,3,64,192,False,js,extra,distance,0.3,0.3855555555555555
Opponent,extra,3,64,192,False,cosine,extra,similarity,0.26666666666666666,0.33111111111111113
Opponent,extra,3,64,192,False,pearson,extra,similarity,0.26666666666666666,0.33111111111111113
Opponent,extra,3,64,192,False,emd,extra,distance,0.13333333333333333,0.20555555555555555
Opponent,extra,3,64,192,False,ks,extra,distance,0.13333333333333333,0.19555555555555554
Opponent,extra,3,64,192,True,L1,theory,distance,0.4,0.5022222222222222
Opponent,extra,3,64,192,True,L2,theory,distance,0.3,0.34833333333333333
Opponent,extra,3,64,192,True,chi2,theory,distance,0.36666666666666664,0.45499999999999996
Opponent,extra,3,64,192,True,intersection,theory,similarity,0.4,0.5022222222222222
Opponent,extra,3,64,192,True,hellinger,theory,similarity,0.3333333333333333,0.43166666666666664
Opponent,extra,3,64,192,True,chebyshev,extra,distance,0.23333333333333334,0.265
Opponent,extra,3,64,192,True,canberra,extra,distance,0.43333333333333335,0.5399999999999999
Opponent,extra,3,64,192,True,bhattacharyya,extra,distance,0.3333333333333333,0.43166666666666664
Opponent,extra,3,64,192,True,kl,extra,distance,0.36666666666666664,0.4633333333333333
Opponent,extra,3,64,192,True,js,extra,distance,0.36666666666666664,0.44277777777777777
Opponent,extra,3,64,192,True,cosine,extra,similarity,0.26666666666666666,0.33111111111111113
Opponent,extra,3,64,192,True,pearson,extra,similarity,0.26666666666666666,0.33111111111111113
Opponent,extra,3,64,192,True,emd,extra,distance,0.4,0.47000000000000003
Opponent,extra,3,64,192,True,ks,extra,distance,0.16666666666666666,0.2366666666666667
Opponent,extra,3,128,384,False,L1,theory,distance,0.3,0.3555555555555555
Opponent,extra,3,128,384,False,L2,theory,distance,0.26666666666666666,0.2916666666666667
Opponent,extra,3,128,384,False,chi2,theory,distance,0.3,0.3638888888888889
Opponent,extra,3,128,384,False,intersection,theory,similarity,0.36666666666666664,0.40111111111111103
Opponent,extra,3,128,384,False,hellinger,theory,similarity,0.16666666666666666,0.21944444444444444
Opponent,extra,3,128,384,False,chebyshev,extra,distance,0.23333333333333334,0.25
Opponent,extra,3,128,384,False,canberra,extra,distance,0.43333333333333335,0.5333333333333333
Opponent,extra,3,128,384,False,bhattacharyya,extra,distance,0.16666666666666666,0.21944444444444444
Opponent,extra,3,128,384,False,kl,extra,distance,0.23333333333333334,0.3233333333333333
Opponent,extra,3,128,384,False,js,extra,distance,0.3,0.3577777777777778
Opponent,extra,3,128,384,False,cosine,extra,similarity,0.26666666666666666,0.2916666666666667
Opponent,extra,3,128,384,False,pearson,extra,similarity,0.26666666666666666,0.2916666666666667
Opponent,extra,3,128,384,False,emd,extra,distance,0.13333333333333333,0.20555555555555555
Opponent,extra,3,128,384,False,ks,extra,distance,0.16666666666666666,0.2011111111111111
Opponent,extra,3,128,384,True,L1,theory,distance,0.3,0.4166666666666667
Opponent,extra,3,128,384,True,L2,theory,distance,0.26666666666666666,0.2833333333333333
Opponent,extra,3,128,384,True,chi2,theory,distance,0.3,0.3927777777777777
Opponent,extra,3,128,384,True,intersection,theory,similarity,0.3,0.4166666666666667
Opponent,extra,3,128,384,True,hellinger,theory,similarity,0.3333333333333333,0.4138888888888889
Opponent,extra,3,128,384,True,chebyshev,extra,distance,0.23333333333333334,0.25833333333333336
Opponent,extra,3,128,384,True,canberra,extra,distance,0.43333333333333335,0.5361111111111111
Opponent,extra,3,128,384,True,bhattacharyya,extra,distance,0.3333333333333333,0.4138888888888889
Opponent,extra,3,128,384,True,kl,extra,distance,0.36666666666666664,0.44166666666666665
Opponent,extra,3,128,384,True,js,extra,distance,0.3333333333333333,0.4122222222222222
Opponent,extra,3,128,384,True,cosine,extra,similarity,0.26666666666666666,0.2916666666666667
Opponent,extra,3,128,384,True,pearson,extra,similarity,0.26666666666666666,0.2916666666666667
Opponent,extra,3,128,384,True,emd,extra,distance,0.43333333333333335,0.4866666666666667
Opponent,extra,3,128,384,True,ks,extra,distance,0.2,0.265
Opponent,extra,3,256,768,False,L1,theory,distance,0.26666666666666666,0.3194444444444445
Opponent,extra,3,256,768,False,L2,theory,distance,0.23333333333333334,0.2611111111111111
Opponent,extra,3,256,768,False,chi2,theory,distance,0.3,0.33999999999999997
Opponent,extra,3,256,768,False,intersection,theory,similarity,0.3333333333333333,0.39166666666666666
Opponent,extra,3,256,768,False,hellinger,theory,similarity,0.13333333333333333,0.2111111111111111
Opponent,extra,3,256,768,False,chebyshev,extra,distance,0.2,0.21666666666666667
Opponent,extra,3,256,768,False,canberra,extra,distance,0.43333333333333335,0.5288888888888889
Opponent,extra,3,256,768,False,bhattacharyya,extra,distance,0.13333333333333333,0.2111111111111111
Opponent,extra,3,256,768,False,kl,extra,distance,0.26666666666666666,0.33055555555555555
Opponent,extra,3,256,768,False,js,extra,distance,0.3,0.33999999999999997
Opponent,extra,3,256,768,False,cosine,extra,similarity,0.23333333333333334,0.26666666666666666
Opponent,extra,3,256,768,False,pearson,extra,similarity,0.23333333333333334,0.26666666666666666
Opponent,extra,3,256,768,False,emd,extra,distance,0.13333333333333333,0.20555555555555555
Opponent,extra,3,256,768,False,ks,extra,distance,0.16666666666666666,0.2011111111111111
Opponent,extra,3,256,768,True,L1,theory,distance,0.3,0.4327777777777778
Opponent,extra,3,256,768,True,L2,theory,distance,0.26666666666666666,0.27777777777777773
Opponent,extra,3,256,768,True,chi2,theory,distance,0.3,0.36777777777777776
Opponent,extra,3,256,768,True,intersection,theory,similarity,0.3,0.4327777777777778
Opponent,extra,3,256,768,True,hellinger,theory,similarity,0.3,0.35666666666666663
Opponent,extra,3,256,768,True,chebyshev,extra,distance,0.2,0.21666666666666667
Opponent,extra,3,256,768,True,canberra,extra,distance,0.43333333333333335,0.525
Opponent,extra,3,256,768,True,bhattacharyya,extra,distance,0.3,0.35666666666666663
Opponent,extra,3,256,768,True,kl,extra,distance,0.36666666666666664,0.44
Opponent,extra,3,256,768,True,js,extra,distance,0.3,0.35666666666666663
Opponent,extra,3,256,768,True,cosine,extra,similarity,0.23333333333333334,0.26666666666666666
Opponent,extra,3,256,768,True,pearson,extra,similarity,0.23333333333333334,0.26666666666666666
Opponent,extra,3,256,768,True,emd,extra,distance,0.43333333333333335,0.4866666666666667
Opponent,extra,3,256,768,True,ks,extra,distance,0.16666666666666666,0.23333333333333334
Ohta,extra,3,8,24,False,L1,theory,distance,0.2,0.3
Ohta,extra,3,8,24,False,L2,theory,distance,0.23333333333333334,0.2916666666666667
Ohta,extra,3,8,24,False,chi2,theory,distance,0.3,0.3777777777777777
Ohta,extra,3,8,24,False,intersection,theory,similarity,0.13333333333333333,0.24222222222222223
Ohta,extra,3,8,24,False,hellinger,theory,similarity,0.1,0.12333333333333334
Ohta,extra,3,8,24,False,chebyshev,extra,distance,0.2,0.23333333333333334
Ohta,extra,3,8,24,False,canberra,extra,distance,0.3,0.38
Ohta,extra,3,8,24,False,bhattacharyya,extra,distance,0.1,0.12333333333333334
Ohta,extra,3,8,24,False,kl,extra,distance,0.13333333333333333,0.15833333333333333
Ohta,extra,3,8,24,False,js,extra,distance,0.3,0.38611111111111107
Ohta,extra,3,8,24,False,cosine,extra,similarity,0.3,0.38333333333333336
Ohta,extra,3,8,24,False,pearson,extra,similarity,0.3,0.38333333333333336
Ohta,extra,3,8,24,False,emd,extra,distance,0.1,0.1622222222222222
Ohta,extra,3,8,24,False,ks,extra,distance,0.16666666666666666,0.19166666666666668
Ohta,extra,3,8,24,True,L1,theory,distance,0.3333333333333333,0.4261111111111111
Ohta,extra,3,8,24,True,L2,theory,distance,0.3333333333333333,0.40555555555555556
Ohta,extra,3,8,24,True,chi2,theory,distance,0.36666666666666664,0.45111111111111113
Ohta,extra,3,8,24,True,intersection,theory,similarity,0.3333333333333333,0.4261111111111111
Ohta,extra,3,8,24,True,hellinger,theory,similarity,0.43333333333333335,0.49277777777777776
Ohta,extra,3,8,24,True,chebyshev,extra,distance,0.3,0.3788888888888889
Ohta,extra,3,8,24,True,canberra,extra,distance,0.4,0.5
Ohta,extra,3,8,24,True,bhattacharyya,extra,distance,0.43333333333333335,0.49277777777777776
Ohta,extra,3,8,24,True,kl,extra,distance,0.4666666666666667,0.5277777777777778
Ohta,extra,3,8,24,True,js,extra,distance,0.4,0.47055555555555556
Ohta,extra,3,8,24,True,cosine,extra,similarity,0.3,0.38333333333333336
Ohta,extra,3,8,24,True,pearson,extra,similarity,0.3,0.38333333333333336
Ohta,extra,3,8,24,True,emd,extra,distance,0.3,0.3783333333333333
Ohta,extra,3,8,24,True,ks,extra,distance,0.23333333333333334,0.3027777777777778
Ohta,extra,3,16,48,False,L1,theory,distance,0.36666666666666664,0.4
Ohta,extra,3,16,48,False,L2,theory,distance,0.3,0.33666666666666667
Ohta,extra,3,16,48,False,chi2,theory,distance,0.36666666666666664,0.43611111111111106
Ohta,extra,3,16,48,False,intersection,theory,similarity,0.3333333333333333,0.4083333333333333
Ohta,extra,3,16,48,False,hellinger,theory,similarity,0.1,0.16611111111111113
Ohta,extra,3,16,48,False,chebyshev,extra,distance,0.2,0.23888888888888887
Ohta,extra,3,16,48,False,canberra,extra,distance,0.43333333333333335,0.4972222222222223
Ohta,extra,3,16,48,False,bhattacharyya,extra,distance,0.1,0.16611111111111113
Ohta,extra,3,16,48,False,kl,extra,distance,0.16666666666666666,0.25777777777777783
Ohta,extra,3,16,48,False,js,extra,distance,0.36666666666666664,0.44166666666666665
Ohta,extra,3,16,48,False,cosine,extra,similarity,0.43333333333333335,0.4527777777777777
Ohta,extra,3,16,48,False,pearson,extra,similarity,0.43333333333333335,0.4527777777777777
Ohta,extra,3,16,48,False,emd,extra,distance,0.13333333333333333,0.175
Ohta,extra,3,16,48,False,ks,extra,distance,0.13333333333333333,0.16222222222222224
Ohta,extra,3,16,48,True,L1,theory,distance,0.4666666666666667,0.5244444444444444
Ohta,extra,3,16,48,True,L2,theory,distance,0.43333333333333335,0.4527777777777777
Ohta,extra,3,16,48,True,chi2,theory,distance,0.5,0.5111111111111112
Ohta,extra,3,16,48,True,intersection,theory,similarity,0.4666666666666667,0.5244444444444444
Ohta,extra,3,16,48,True,hellinger,theory,similarity,0.5,0.5361111111111111
Ohta,extra,3,16,48,True,chebyshev,extra,distance,0.36666666666666664,0.39555555555555555
Ohta,extra,3,16,48,True,canberra,extra,distance,0.43333333333333335,0.5138888888888888
Ohta,extra,3,16,48,True,bhattacharyya,extra,distance,0.5,0.5361111111111111
Ohta,extra,3,16,48,True,kl,extra,distance,0.5333333333333333,0.5594444444444444
Ohta,extra,3,16,48,True,js,extra,distance,0.5,0.5233333333333333
Ohta,extra,3,16,48,True,cosine,extra,similarity,0.43333333333333335,0.4527777777777777
Ohta,extra,3,16,48,True,pearson,extra,similarity,0.43333333333333335,0.4527777777777777
Ohta,extra,3,16,48,True,emd,extra,distance,0.4,0.4816666666666667
Ohta,extra,3,16,48,True,ks,extra,distance,0.26666666666666666,0.2944444444444444
Ohta,extra,3,32,96,False,L1,theory,distance,0.36666666666666664,0.39777777777777773
Ohta,extra,3,32,96,False,L2,theory,distance,0.3,0.3233333333333333
Ohta,extra,3,32,96,False,chi2,theory,distance,0.3333333333333333,0.41166666666666657
Ohta,extra,3,32,96,False,intersection,theory,similarity,0.3333333333333333,0.415
Ohta,extra,3,32,96,False,hellinger,theory,similarity,0.23333333333333334,0.25277777777777777
Ohta,extra,3,32,96,False,chebyshev,extra,distance,0.2,0.24444444444444444
Ohta,extra,3,32,96,False,canberra,extra,distance,0.5,0.5527777777777778
Ohta,extra,3,32,96,False,bhattacharyya,extra,distance,0.23333333333333334,0.25277777777777777
Ohta,extra,3,32,96,False,kl,extra,distance,0.2,0.31055555555555553
Ohta,extra,3,32,96,False,js,extra,distance,0.3333333333333333,0.4244444444444444
Ohta,extra,3,32,96,False,cosine,extra,similarity,0.36666666666666664,0.4255555555555555
Ohta,extra,3,32,96,False,pearson,extra,similarity,0.3333333333333333,0.41055555555555556
Ohta,extra,3,32,96,False,emd,extra,distance,0.13333333333333333,0.175
Ohta,extra,3,32,96,False,ks,extra,distance,0.13333333333333333,0.18055555555555555
Ohta,extra,3,32,96,True,L1,theory,distance,0.4666666666666667,0.5827777777777777
Ohta,extra,3,32,96,True,L2,theory,distance,0.36666666666666664,0.42444444444444446
Ohta,extra,3,32,96,True,chi2,theory,distance,0.43333333333333335,0.49
Ohta,extra,3,32,96,True,intersection,theory,similarity,0.4666666666666667,0.5827777777777777
Ohta,extra,3,32,96,True,hellinger,theory,similarity,0.43333333333333335,0.4972222222222222
Ohta,extra,3,32,96,True,chebyshev,extra,distance,0.3,0.3661111111111111
Ohta,extra,3,32,96,True,canberra,extra,distance,0.4666666666666667,0.5538888888888889
Ohta,extra,3,32,96,True,bhattacharyya,extra,distance,0.43333333333333335,0.4972222222222222
Ohta,extra,3,32,96,True,kl,extra,distance,0.4,0.4727777777777778
Ohta,extra,3,32,96,True,js,extra,distance,0.43333333333333335,0.4972222222222222
Ohta,extra,3,32,96,True,cosine,extra,similarity,0.36666666666666664,0.4255555555555555
Ohta,extra,3,32,96,True,pearson,extra,similarity,0.3333333333333333,0.41055555555555556
Ohta,extra,3,32,96,True,emd,extra,distance,0.43333333333333335,0.49388888888888893
Ohta,extra,3,32,96,True,ks,extra,distance,0.2,0.2511111111111111
Ohta,extra,3,64,192,False,L1,theory,distance,0.3333333333333333,0.3466666666666667
Ohta,extra,3,64,192,False,L2,theory,distance,0.2,0.2511111111111111
Ohta,extra,3,64,192,False,chi2,theory,distance,0.3333333333333333,0.3761111111111111
Ohta,extra,3,64,192,False,intersection,theory,similarity,0.3,0.3883333333333333
Ohta,extra,3,64,192,False,hellinger,theory,similarity,0.23333333333333334,0.2611111111111111
Ohta,extra,3,64,192,False,chebyshev,extra,distance,0.16666666666666666,0.20555555555555555
Ohta,extra,3,64,192,False,canberra,extra,distance,0.43333333333333335,0.5277777777777778
Ohta,extra,3,64,192,False,bhattacharyya,extra,distance,0.23333333333333334,0.2611111111111111
Ohta,extra,3,64,192,False,kl,extra,distance,0.2,0.31055555555555553
Ohta,extra,3,64,192,False,js,extra,distance,0.36666666666666664,0.4066666666666666
Ohta,extra,3,64,192,False,cosine,extra,similarity,0.26666666666666666,0.31777777777777777
Ohta,extra,3,64,192,False,pearson,extra,similarity,0.26666666666666666,0.31777777777777777
Ohta,extra,3,64,192,False,emd,extra,distance,0.13333333333333333,0.175
Ohta,extra,3,64,192,False,ks,extra,distance,0.1,0.15666666666666668
Ohta,extra,3,64,192,True,L1,theory,distance,0.4666666666666667,0.5083333333333333
Ohta,extra,3,64,192,True,L2,theory,distance,0.2,0.29277777777777775
Ohta,extra,3,64,192,True,chi2,theory,distance,0.43333333333333335,0.4677777777777778
Ohta,extra,3,64,192,True,intersection,theory,similarity,0.4666666666666667,0.5083333333333333
Ohta,extra,3,64,192,True,hellinger,theory,similarity,0.43333333333333335,0.47000000000000003
Ohta,extra,3,64,192,True,chebyshev,extra,distance,0.16666666666666666,0.21055555555555555
Ohta,extra,3,64,192,True,canberra,extra,distance,0.4666666666666667,0.543888888888889
Ohta,extra,3,64,192,True,bhattacharyya,extra,distance,0.43333333333333335,0.47000000000000003
Ohta,extra,3,64,192,True,kl,extra,distance,0.4,0.46499999999999997
Ohta,extra,3,64,192,True,js,extra,distance,0.43333333333333335,0.4633333333333333
Ohta,extra,3,64,192,True,cosine,extra,similarity,0.26666666666666666,0.31777777777777777
Ohta,extra,3,64,192,True,pearson,extra,similarity,0.26666666666666666,0.31777777777777777
Ohta,extra,3,64,192,True,emd,extra,distance,0.4,0.46499999999999997
Ohta,extra,3,64,192,True,ks,extra,distance,0.16666666666666666,0.23722222222222225
Ohta,extra,3,128,384,False,L1,theory,distance,0.3,0.33166666666666667
Ohta,extra,3,128,384,False,L2,theory,distance,0.2,0.24444444444444444
Ohta,extra,3,128,384,False,chi2,theory,distance,0.3333333333333333,0.39
Ohta,extra,3,128,384,False,intersection,theory,similarity,0.26666666666666666,0.3844444444444444
Ohta,extra,3,128,384,False,hellinger,theory,similarity,0.23333333333333334,0.25555555555555554
Ohta,extra,3,128,384,False,chebyshev,extra,distance,0.06666666666666667,0.10555555555555556
Ohta,extra,3,128,384,False,canberra,extra,distance,0.4,0.513888888888889
Ohta,extra,3,128,384,False,bhattacharyya,extra,distance,0.23333333333333334,0.25555555555555554
Ohta,extra,3,128,384,False,kl,extra,distance,0.2,0.3138888888888889
Ohta,extra,3,128,384,False,js,extra,distance,0.3333333333333333,0.38555555555555554
Ohta,extra,3,128,384,False,cosine,extra,similarity,0.26666666666666666,0.33055555555555555
Ohta,extra,3,128,384,False,pearson,extra,similarity,0.26666666666666666,0.3333333333333333
Ohta,extra,3,128,384,False,emd,extra,distance,0.13333333333333333,0.17777777777777776
Ohta,extra,3,128,384,False,ks,extra,distance,0.1,0.14833333333333334
Ohta,extra,3,128,384,True,L1,theory,distance,0.43333333333333335,0.4761111111111111
Ohta,extra,3,128,384,True,L2,theory,distance,0.26666666666666666,0.305
Ohta,extra,3,128,384,True,chi2,theory,distance,0.43333333333333335,0.4788888888888889
Ohta,extra,3,128,384,True,intersection,theory,similarity,0.43333333333333335,0.4761111111111111
Ohta,extra,3,128,384,True,hellinger,theory,similarity,0.4,0.4666666666666667
Ohta,extra,3,128,384,True,chebyshev,extra,distance,0.13333333333333333,0.15666666666666668
Ohta,extra,3,128,384,True,canberra,extra,distance,0.43333333333333335,0.5344444444444444
Ohta,extra,3,128,384,True,bhattacharyya,extra,distance,0.4,0.4666666666666667
Ohta,extra,3,128,384,True,kl,extra,distance,0.4,0.46499999999999997
Ohta,extra,3,128,384,True,js,extra,distance,0.4,0.4633333333333333
Ohta,extra,3,128,384,True,cosine,extra,similarity,0.26666666666666666,0.33055555555555555
Ohta,extra,3,128,384,True,pearson,extra,similarity,0.26666666666666666,0.3333333333333333
Ohta,extra,3,128,384,True,emd,extra,distance,0.43333333333333335,0.48166666666666663
Ohta,extra,3,128,384,True,ks,extra,distance,0.13333333333333333,0.19444444444444445
Ohta,extra,3,256,768,False,L1,theory,distance,0.3,0.3333333333333333
Ohta,extra,3,256,768,False,L2,theory,distance,0.2,0.22333333333333333
Ohta,extra,3,256,768,False,chi2,theory,distance,0.3333333333333333,0.38833333333333336
Ohta,extra,3,256,768,False,intersection,theory,similarity,0.3,0.40944444444444444
Ohta,extra,3,256,768,False,hellinger,theory,similarity,0.23333333333333334,0.2594444444444444
Ohta,extra,3,256,768,False,chebyshev,extra,distance,0.03333333333333333,0.08333333333333333
Ohta,extra,3,256,768,False,canberra,extra,distance,0.4,0.5166666666666667
Ohta,extra,3,256,768,False,bhattacharyya,extra,distance,0.23333333333333334,0.2594444444444444
Ohta,extra,3,256,768,False,kl,extra,distance,0.26666666666666666,0.3511111111111111
Ohta,extra,3,256,768,False,js,extra,distance,0.3333333333333333,0.3855555555555556
Ohta,extra,3,256,768,False,cosine,extra,similarity,0.23333333333333334,0.30666666666666664
Ohta,extra,3,256,768,False,pearson,extra,similarity,0.23333333333333334,0.30666666666666664
Ohta,extra,3,256,768,False,emd,extra,distance,0.13333333333333333,0.17777777777777776
Ohta,extra,3,256,768,False,ks,extra,distance,0.1,0.14833333333333334
Ohta,extra,3,256,768,True,L1,theory,distance,0.43333333333333335,0.48333333333333334
Ohta,extra,3,256,768,True,L2,theory,distance,0.23333333333333334,0.2833333333333333
Ohta,extra,3,256,768,True,chi2,theory,distance,0.43333333333333335,0.48166666666666663
Ohta,extra,3,256,768,True,intersection,theory,similarity,0.43333333333333335,0.48333333333333334
Ohta,extra,3,256,768,True,hellinger,theory,similarity,0.4,0.46444444444444444
Ohta,extra,3,256,768,True,chebyshev,extra,distance,0.13333333333333333,0.14444444444444443
Ohta,extra,3,256,768,True,canberra,extra,distance,0.43333333333333335,0.5344444444444444
Ohta,extra,3,256,768,True,bhattacharyya,extra,distance,0.4,0.46444444444444444
Ohta,extra,3,256,768,True,kl,extra,distance,0.43333333333333335,0.49944444444444447
Ohta,extra,3,256,768,True,js,extra,distance,0.43333333333333335,0.4744444444444445
Ohta,extra,3,256,768,True,cosine,extra,similarity,0.23333333333333334,0.30666666666666664
Ohta,extra,3,256,768,True,pearson,extra,similarity,0.23333333333333334,0.30666666666666664
Ohta,extra,3,256,768,True,emd,extra,distance,0.43333333333333335,0.48166666666666663
Ohta,extra,3,256,768,True,ks,extra,distance,0.16666666666666666,0.20277777777777778
HMMD,extra,4,8,32,False,L1,theory,distance,0.3,0.37
HMMD,extra,4,8,32,False,L2,theory,distance,0.2,0.2805555555555556
HMMD,extra,4,8,32,False,chi2,theory,distance,0.3333333333333333,0.3861111111111111
HMMD,extra,4,8,32,False,intersection,theory,similarity,0.26666666666666666,0.3638888888888889
HMMD,extra,4,8,32,False,hellinger,theory,similarity,0.13333333333333333,0.17777777777777776
HMMD,extra,4,8,32,False,chebyshev,extra,distance,0.2,0.225
HMMD,extra,4,8,32,False,canberra,extra,distance,0.5666666666666667,0.611111111111111
HMMD,extra,4,8,32,False,bhattacharyya,extra,distance,0.13333333333333333,0.17777777777777776
HMMD,extra,4,8,32,False,kl,extra,distance,0.2,0.2538888888888889
HMMD,extra,4,8,32,False,js,extra,distance,0.3333333333333333,0.39555555555555555
HMMD,extra,4,8,32,False,cosine,extra,similarity,0.36666666666666664,0.40944444444444444
HMMD,extra,4,8,32,False,pearson,extra,similarity,0.36666666666666664,0.3983333333333333
HMMD,extra,4,8,32,False,emd,extra,distance,0.13333333333333333,0.2011111111111111
HMMD,extra,4,8,32,False,ks,extra,distance,0.13333333333333333,0.18888888888888886
HMMD,extra,4,8,32,True,L1,theory,distance,0.43333333333333335,0.5011111111111111
HMMD,extra,4,8,32,True,L2,theory,distance,0.36666666666666664,0.41111111111111115
HMMD,extra,4,8,32,True,chi2,theory,distance,0.4666666666666667,0.5133333333333333
HMMD,extra,4,8,32,True,intersection,theory,similarity,0.43333333333333335,0.5011111111111111
HMMD,extra,4,8,32,True,hellinger,theory,similarity,0.5,0.5316666666666666
HMMD,extra,4,8,32,True,chebyshev,extra,distance,0.26666666666666666,0.30666666666666664
HMMD,extra,4,8,32,True,canberra,extra,distance,0.5666666666666667,0.6444444444444444
HMMD,extra,4,8,32,True,bhattacharyya,extra,distance,0.5,0.5316666666666666
HMMD,extra,4,8,32,True,kl,extra,distance,0.5,0.53
HMMD,extra,4,8,32,True,js,extra,distance,0.5,0.5316666666666666
HMMD,extra,4,8,32,True,cosine,extra,similarity,0.36666666666666664,0.40944444444444444
HMMD,extra,4,8,32,True,pearson,extra,similarity,0.36666666666666664,0.3983333333333333
HMMD,extra,4,8,32,True,emd,extra,distance,0.43333333333333335,0.5327777777777778
HMMD,extra,4,8,32,True,ks,extra,distance,0.26666666666666666,0.2972222222222222
HMMD,extra,4,16,64,False,L1,theory,distance,0.3,0.36666666666666664
HMMD,extra,4,16,64,False,L2,theory,distance,0.23333333333333334,0.29
HMMD,extra,4,16,64,False,chi2,theory,distance,0.3,0.3805555555555556
HMMD,extra,4,16,64,False,intersection,theory,similarity,0.26666666666666666,0.3472222222222222
HMMD,extra,4,16,64,False,hellinger,theory,similarity,0.16666666666666666,0.215
HMMD,extra,4,16,64,False,chebyshev,extra,distance,0.2,0.21777777777777776
HMMD,extra,4,16,64,False,canberra,extra,distance,0.5,0.6027777777777777
HMMD,extra,4,16,64,False,bhattacharyya,extra,distance,0.16666666666666666,0.215
HMMD,extra,4,16,64,False,kl,extra,distance,0.23333333333333334,0.29444444444444445
HMMD,extra,4,16,64,False,js,extra,distance,0.3,0.38888888888888895
HMMD,extra,4,16,64,False,cosine,extra,similarity,0.36666666666666664,0.4133333333333333
HMMD,extra,4,16,64,False,pearson,extra,similarity,0.36666666666666664,0.40777777777777774
HMMD,extra,4,16,64,False,emd,extra,distance,0.13333333333333333,0.20944444444444446
HMMD,extra,4,16,64,False,ks,extra,distance,0.16666666666666666,0.21777777777777776
HMMD,extra,4,16,64,True,L1,theory,distance,0.4,0.4722222222222222
HMMD,extra,4,16,64,True,L2,theory,distance,0.36666666666666664,0.4177777777777777
HMMD,extra,4,16,64,True,chi2,theory,distance,0.4,0.46111111111111114
HMMD,extra,4,16,64,True,intersection,theory,similarity,0.4,0.4722222222222222
HMMD,extra,4,16,64,True,hellinger,theory,similarity,0.4,0.45944444444444443
HMMD,extra,4,16,64,True,chebyshev,extra,distance,0.3,0.3244444444444445
HMMD,extra,4,16,64,True,canberra,extra,distance,0.6,0.6827777777777777
HMMD,extra,4,16,64,True,bhattacharyya,extra,distance,0.4,0.45944444444444443
HMMD,extra,4,16,64,True,kl,extra,distance,0.36666666666666664,0.43611111111111106
HMMD,extra,4,16,64,True,js,extra,distance,0.4,0.46222222222222226
HMMD,extra,4,16,64,True,cosine,extra,similarity,0.36666666666666664,0.4133333333333333
HMMD,extra,4,16,64,True,pearson,extra,similarity,0.36666666666666664,0.40777777777777774
HMMD,extra,4,16,64,True,emd,extra,distance,0.43333333333333335,0.5194444444444445
HMMD,extra,4,16,64,True,ks,extra,distance,0.13333333333333333,0.19944444444444445
HMMD,extra,4,32,128,False,L1,theory,distance,0.3,0.3611111111111111
HMMD,extra,4,32,128,False,L2,theory,distance,0.26666666666666666,0.325
HMMD,extra,4,32,128,False,chi2,theory,distance,0.3333333333333333,0.38888888888888895
HMMD,extra,4,32,128,False,intersection,theory,similarity,0.36666666666666664,0.4111111111111111
HMMD,extra,4,32,128,False,hellinger,theory,similarity,0.2,0.22777777777777777
HMMD,extra,4,32,128,False,chebyshev,extra,distance,0.16666666666666666,0.23166666666666666
HMMD,extra,4,32,128,False,canberra,extra,distance,0.5333333333333333,0.601111111111111
HMMD,extra,4,32,128,False,bhattacharyya,extra,distance,0.2,0.22777777777777777
HMMD,extra,4,32,128,False,kl,extra,distance,0.23333333333333334,0.2983333333333333
HMMD,extra,4,32,128,False,js,extra,distance,0.3333333333333333,0.4011111111111111
HMMD,extra,4,32,128,False,cosine,extra,similarity,0.3333333333333333,0.36666666666666664
HMMD,extra,4,32,128,False,pearson,extra,similarity,0.3333333333333333,0.3733333333333333
HMMD,extra,4,32,128,False,emd,extra,distance,0.13333333333333333,0.21111111111111114
HMMD,extra,4,32,128,False,ks,extra,distance,0.2,0.23611111111111113
HMMD,extra,4,32,128,True,L1,theory,distance,0.36666666666666664,0.4511111111111111
HMMD,extra,4,32,128,True,L2,theory,distance,0.3333333333333333,0.3594444444444444
HMMD,extra,4,32,128,True,chi2,theory,distance,0.36666666666666664,0.44166666666666665
HMMD,extra,4,32,128,True,intersection,theory,similarity,0.36666666666666664,0.4511111111111111
HMMD,extra,4,32,128,True,hellinger,theory,similarity,0.4,0.46499999999999997
HMMD,extra,4,32,128,True,chebyshev,extra,distance,0.2,0.2538888888888889
HMMD,extra,4,32,128,True,canberra,extra,distance,0.6,0.6622222222222222
HMMD,extra,4,32,128,True,bhattacharyya,extra,distance,0.4,0.46499999999999997
HMMD,extra,4,32,128,True,kl,extra,distance,0.4,0.45666666666666667
HMMD,extra,4,32,128,True,js,extra,distance,0.36666666666666664,0.4444444444444445
HMMD,extra,4,32,128,True,cosine,extra,similarity,0.3333333333333333,0.36666666666666664
HMMD,extra,4,32,128,True,pearson,extra,similarity,0.3333333333333333,0.3733333333333333
HMMD,extra,4,32,128,True,emd,extra,distance,0.4666666666666667,0.5277777777777778
HMMD,extra,4,32,128,True,ks,extra,distance,0.13333333333333333,0.18333333333333332
HMMD,extra,4,64,256,False,L1,theory,distance,0.3,0.35666666666666663
HMMD,extra,4,64,256,False,L2,theory,distance,0.26666666666666666,0.3077777777777778
HMMD,extra,4,64,256,False,chi2,theory,distance,0.3333333333333333,0.38888888888888895
HMMD,extra,4,64,256,False,intersection,theory,similarity,0.36666666666666664,0.40944444444444444
HMMD,extra,4,64,256,False,hellinger,theory,similarity,0.2,0.23444444444444443
HMMD,extra,4,64,256,False,chebyshev,extra,distance,0.1,0.15833333333333333
HMMD,extra,4,64,256,False,canberra,extra,distance,0.5666666666666667,0.6122222222222222
HMMD,extra,4,64,256,False,bhattacharyya,extra,distance,0.2,0.23444444444444443
HMMD,extra,4,64,256,False,kl,extra,distance,0.2,0.2788888888888889
HMMD,extra,4,64,256,False,js,extra,distance,0.3333333333333333,0.4011111111111111
HMMD,extra,4,64,256,False,cosine,extra,similarity,0.3,0.3427777777777778
HMMD,extra,4,64,256,False,pearson,extra,similarity,0.3,0.3427777777777778
HMMD,extra,4,64,256,False,emd,extra,distance,0.13333333333333333,0.21111111111111114
HMMD,extra,4,64,256,False,ks,extra,distance,0.13333333333333333,0.19
HMMD,extra,4,64,256,True,L1,theory,distance,0.36666666666666664,0.4511111111111111
HMMD,extra,4,64,256,True,L2,theory,distance,0.3,0.35666666666666663
HMMD,extra,4,64,256,True,chi2,theory,distance,0.36666666666666664,0.43611111111111106
HMMD,extra,4,64,256,True,intersection,theory,similarity,0.36666666666666664,0.4511111111111111
HMMD,extra,4,64,256,True,hellinger,theory,similarity,0.36666666666666664,0.4361111111111111
HMMD,extra,4,64,256,True,chebyshev,extra,distance,0.13333333333333333,0.19555555555555554
HMMD,extra,4,64,256,True,canberra,extra,distance,0.5333333333333333,0.6261111111111111
HMMD,extra,4,64,256,True,bhattacharyya,extra,distance,0.36666666666666664,0.4361111111111111
HMMD,extra,4,64,256,True,kl,extra,distance,0.4,0.45666666666666667
HMMD,extra,4,64,256,True,js,extra,distance,0.36666666666666664,0.4388888888888889
HMMD,extra,4,64,256,True,cosine,extra,similarity,0.3,0.3427777777777778
HMMD,extra,4,64,256,True,pearson,extra,similarity,0.3,0.3427777777777778
HMMD,extra,4,64,256,True,emd,extra,distance,0.4666666666666667,0.5316666666666667
HMMD,extra,4,64,256,True,ks,extra,distance,0.13333333333333333,0.18333333333333332
HMMD,extra,4,128,512,False,L1,theory,distance,0.3,0.35666666666666663
HMMD,extra,4,128,512,False,L2,theory,distance,0.23333333333333334,0.25666666666666665
HMMD,extra,4,128,512,False,chi2,theory,distance,0.3,0.3638888888888889
HMMD,extra,4,128,512,False,intersection,theory,similarity,0.4,0.43
HMMD,extra,4,128,512,False,hellinger,theory,similarity,0.2,0.23444444444444443
HMMD,extra,4,128,512,False,chebyshev,extra,distance,0.1,0.14166666666666666
HMMD,extra,4,128,512,False,canberra,extra,distance,0.5,0.5755555555555555
HMMD,extra,4,128,512,False,bhattacharyya,extra,distance,0.2,0.23444444444444443
HMMD,extra,4,128,512,False,kl,extra,distance,0.2,0.2761111111111111
HMMD,extra,4,128,512,False,js,extra,distance,0.3,0.36388888888888893
HMMD,extra,4,128,512,False,cosine,extra,similarity,0.26666666666666666,0.30666666666666664
HMMD,extra,4,128,512,False,pearson,extra,similarity,0.26666666666666666,0.30666666666666664
HMMD,extra,4,128,512,False,emd,extra,distance,0.13333333333333333,0.21111111111111114
HMMD,extra,4,128,512,False,ks,extra,distance,0.1,0.17055555555555557
HMMD,extra,4,128,512,True,L1,theory,distance,0.3333333333333333,0.4166666666666667
HMMD,extra,4,128,512,True,L2,theory,distance,0.23333333333333334,0.28444444444444444
HMMD,extra,4,128,512,True,chi2,theory,distance,0.3333333333333333,0.4
HMMD,extra,4,128,512,True,intersection,theory,similarity,0.3333333333333333,0.4166666666666667
HMMD,extra,4,128,512,True,hellinger,theory,similarity,0.3333333333333333,0.4066666666666667
HMMD,extra,4,128,512,True,chebyshev,extra,distance,0.1,0.15944444444444444
HMMD,extra,4,128,512,True,canberra,extra,distance,0.5333333333333333,0.6150000000000001
HMMD,extra,4,128,512,True,bhattacharyya,extra,distance,0.3333333333333333,0.4066666666666667
HMMD,extra,4,128,512,True,kl,extra,distance,0.43333333333333335,0.47333333333333333
HMMD,extra,4,128,512,True,js,extra,distance,0.3333333333333333,0.3944444444444445
HMMD,extra,4,128,512,True,cosine,extra,similarity,0.26666666666666666,0.30666666666666664
HMMD,extra,4,128,512,True,pearson,extra,similarity,0.26666666666666666,0.30666666666666664
HMMD,extra,4,128,512,True,emd,extra,distance,0.4666666666666667,0.5316666666666667
HMMD,extra,4,128,512,True,ks,extra,distance,0.13333333333333333,0.17777777777777776
HMMD,extra,4,256,1024,False,L1,theory,distance,0.3,0.35666666666666663
HMMD,extra,4,256,1024,False,L2,theory,distance,0.23333333333333334,0.25
HMMD,extra,4,256,1024,False,chi2,theory,distance,0.3,0.3705555555555555
HMMD,extra,4,256,1024,False,intersection,theory,similarity,0.36666666666666664,0.39666666666666667
HMMD,extra,4,256,1024,False,hellinger,theory,similarity,0.2,0.23444444444444443
HMMD,extra,4,256,1024,False,chebyshev,extra,distance,0.1,0.11944444444444445
HMMD,extra,4,256,1024,False,canberra,extra,distance,0.4,0.5038888888888889
HMMD,extra,4,256,1024,False,bhattacharyya,extra,distance,0.2,0.23444444444444443
HMMD,extra,4,256,1024,False,kl,extra,distance,0.2,0.27444444444444444
HMMD,extra,4,256,1024,False,js,extra,distance,0.3,0.36388888888888893
HMMD,extra,4,256,1024,False,cosine,extra,similarity,0.26666666666666666,0.3055555555555555
HMMD,extra,4,256,1024,False,pearson,extra,similarity,0.26666666666666666,0.3055555555555555
HMMD,extra,4,256,1024,False,emd,extra,distance,0.13333333333333333,0.21111111111111114
HMMD,extra,4,256,1024,False,ks,extra,distance,0.1,0.17888888888888888
HMMD,extra,4,256,1024,True,L1,theory,distance,0.3333333333333333,0.4222222222222222
HMMD,extra,4,256,1024,True,L2,theory,distance,0.23333333333333334,0.2944444444444444
HMMD,extra,4,256,1024,True,chi2,theory,distance,0.3333333333333333,0.4
HMMD,extra,4,256,1024,True,intersection,theory,similarity,0.3333333333333333,0.4222222222222222
HMMD,extra,4,256,1024,True,hellinger,theory,similarity,0.3333333333333333,0.3972222222222222
HMMD,extra,4,256,1024,True,chebyshev,extra,distance,0.13333333333333333,0.16111111111111112
HMMD,extra,4,256,1024,True,canberra,extra,distance,0.4666666666666667,0.5677777777777778
HMMD,extra,4,256,1024,True,bhattacharyya,extra,distance,0.3333333333333333,0.3972222222222222
HMMD,extra,4,256,1024,True,kl,extra,distance,0.4,0.4583333333333333
HMMD,extra,4,256,1024,True,js,extra,distance,0.3333333333333333,0.4
HMMD,extra,4,256,1024,True,cosine,extra,similarity,0.26666666666666666,0.3055555555555555
HMMD,extra,4,256,1024,True,pearson,extra,similarity,0.26666666666666666,0.3055555555555555
HMMD,extra,4,256,1024,True,emd,extra,distance,0.4666666666666667,0.5316666666666667
HMMD,extra,4,256,1024,True,ks,extra,distance,0.16666666666666666,0.19444444444444445
